Parcel Number,Property Status,Inventory Type
0002-D-00300-0000-00,Hold for Study,URA Owned
0003-B-00100-0000-00,Hold for Study,URA Owned
0003-C-00182-0000-00,Hold for Study,URA Owned
0007-E-00030-0000-00,Disposition in Process,URA Owned
0007-F-00002-0000-00,Disposition in Process,URA Owned
0009-M-00095-0000-00,Hold from Market,URA Owned
0009-M-00097-0000-00,Hold for Study,URA Owned
0009-S-00097-0000-00,Exclusive Negotiations,URA Owned
0009-S-00101-0000-00,Exclusive Negotiations,URA Owned
0009-S-00181-0000-00,Disposition in Process,URA Owned
0009-S-00200-0000-00,Hold for Study,URA Owned
0010-J-00260-0000-00,Disposition in Process,URA Owned
0010-J-00343-0000-00,Hold for Study,URA Owned
0010-J-00344-0000-00,Hold for Study,URA Owned
0010-K-00001-0000-00,Exclusive Negotiations,URA Owned
0010-K-00002-0000-00,Exclusive Negotiations,URA Owned
0010-K-00003-0000-00,Exclusive Negotiations,URA Owned
0010-K-00004-0000-00,Exclusive Negotiations,URA Owned
0010-K-00005-0000-00,Exclusive Negotiations,URA Owned
0010-K-00006-0000-00,Exclusive Negotiations,URA Owned
0010-K-00007-0000-00,Exclusive Negotiations,URA Owned
0010-K-00008-0000-00,Exclusive Negotiations,URA Owned
0010-K-00009-0000-00,Exclusive Negotiations,URA Owned
0010-K-00010-0000-00,Exclusive Negotiations,URA Owned
0010-K-00011-0000-00,Exclusive Negotiations,URA Owned
0010-K-00012-0000-00,Exclusive Negotiations,URA Owned
0010-N-00074-0000-00,Disposition in Process,URA Owned
0010-N-00076-0000-00,Disposition in Process,URA Owned
0010-N-00078-0000-00,Disposition in Process,URA Owned
0010-N-00080-0000-00,Disposition in Process,URA Owned
0010-N-00255-0000-00,Disposition in Process,URA Owned
0010-N-00257-0000-00,Disposition in Process,URA Owned
0010-N-00258-0000-00,Disposition in Process,URA Owned
0010-N-00258-000A-00,Disposition in Process,URA Owned
0010-N-00267-0000-00,Sold - Redevelopment in Progress,Privately Owned
0010-N-00268-0000-00,Sold - Redevelopment in Progress,Privately Owned
0010-N-00269-0000-00,Sold - Redevelopment in Progress,Privately Owned
0010-N-00270-0000-00,Sold - Redevelopment in Progress,Privately Owned
0010-N-00274-0000-00,Sold - Redevelopment in Progress,Privately Owned
0010-N-00275-0000-00,Sold - Redevelopment in Progress,Privately Owned
0010-N-00276-0000-00,Sold - Redevelopment in Progress,Privately Owned
0010-N-00278-0000-00,Sold - Redevelopment in Progress,Privately Owned
0010-N-00279-0000-00,Sold - Redevelopment in Progress,Privately Owned
0010-N-00280-0000-00,Sold - Redevelopment in Progress,Privately Owned
0010-N-00287-0000-00,Exclusive Negotiations,URA Owned
0010-N-00289-0000-00,Sold - Redevelopment in Progress,Privately Owned
0010-N-00290-0000-00,Sold - Redevelopment in Progress,Privately Owned
0010-N-00305-0000-00,RFP/RFQ Issued,URA Owned
0010-N-00330-0000-00,RFP/RFQ Issued,URA Owned
0010-N-00376-0000-02,Hold for Study,URA Owned
0010-P-00030-0000-00,RFP/RFQ Issued,URA Owned
0010-P-00031-0000-00,RFP/RFQ Issued,URA Owned
0010-P-00032-0000-00,RFP/RFQ Issued,URA Owned
0010-P-00034-0000-00,RFP/RFQ Issued,URA Owned
0010-P-00035-0000-00,RFP/RFQ Issued,URA Owned
0010-P-00036-0000-00,RFP/RFQ Issued,URA Owned
0010-P-00037-0000-00,RFP/RFQ Issued,URA Owned
0010-P-00038-0000-00,RFP/RFQ Issued,URA Owned
0010-P-00039-0000-00,RFP/RFQ Issued,URA Owned
0010-P-00040-0000-00,RFP/RFQ Issued,URA Owned
0010-P-00041-0000-00,RFP/RFQ Issued,URA Owned
0010-P-00049-0000-00,RFP/RFQ Issued,URA Owned
0010-P-00102-0000-00,Disposition in Process,URA Owned
0010-P-00104-0000-00,Disposition in Process,URA Owned
0010-P-00105-0000-00,Disposition in Process,URA Owned
0010-P-00106-0000-00,Disposition in Process,URA Owned
0010-P-00107-0000-00,Disposition in Process,URA Owned
0010-P-00108-0000-00,Disposition in Process,URA Owned
0010-P-00120-0000-00,Exclusive Negotiations,URA Owned
0010-P-00121-0000-00,Exclusive Negotiations,URA Owned
0010-P-00121-0005-00,Exclusive Negotiations,URA Owned
0010-P-00122-0000-00,Exclusive Negotiations,URA Owned
0010-P-00122-000A-00,Exclusive Negotiations,URA Owned
0010-P-00124-0000-00,Exclusive Negotiations,URA Owned
0010-P-00125-0000-00,Exclusive Negotiations,URA Owned
0010-P-00126-0000-00,Exclusive Negotiations,URA Owned
0010-P-00127-0000-00,Exclusive Negotiations,URA Owned
0010-P-00128-0000-00,Exclusive Negotiations,URA Owned
0010-R-00159-0000-00,RFP/RFQ Issued,URA Owned
0010-R-00162-0000-00,RFP/RFQ Issued,URA Owned
0011-E-00019-0000-00,Disposition in Process,URA Owned
0011-E-00020-0000-00,Disposition in Process,URA Owned
0011-E-00024-0000-00,Disposition in Process,URA Owned
0011-E-00025-0000-00,Disposition in Process,URA Owned
0011-E-00026-0000-00,Disposition in Process,URA Owned
0011-E-00027-0000-00,Disposition in Process,URA Owned
0011-E-00028-0000-00,Disposition in Process,URA Owned
0011-E-00029-0000-00,Disposition in Process,URA Owned
0011-E-00030-0000-00,Disposition in Process,URA Owned
0011-E-00031-0000-00,Disposition in Process,URA Owned
0011-E-00319-0000-00,Exclusive Negotiations,URA Owned
0011-L-00023-0000-00,Site Assemblage,URA Owned
0011-L-00024-0000-00,Site Assemblage,URA Owned
0011-M-00104-0000-00,Site Assemblage,URA Owned
0011-M-00105-0000-00,Site Assemblage,URA Owned
0011-M-00106-0000-00,Site Assemblage,URA Owned
0011-M-00107-0000-00,Site Assemblage,URA Owned
0011-M-00108-0000-00,Site Assemblage,URA Owned
0012-A-00007-0000-00,Disposition in Process,URA Owned
0012-A-00011-0000-00,Disposition in Process,URA Owned
0013-C-00155-0000-00,Hold for Study,URA Owned
0013-D-00243-0000-00,Hold for Study,URA Owned
0013-D-00257-0000-00,Hold for Study,URA Owned
0015-K-00088-0000-00,Available,URA Owned
0020-K-00006-0000-00,Available,URA Owned
0022-C-00107-0000-00,Site Assemblage,URA Owned
0022-D-00119-0000-00,Exclusive Negotiations,URA Owned
0022-D-00132-0000-00,Exclusive Negotiations,URA Owned
0022-D-00133-0000-00,Exclusive Negotiations,URA Owned
0022-D-00134-0000-00,Exclusive Negotiations,URA Owned
0022-D-00135-0000-00,Exclusive Negotiations,URA Owned
0022-D-00136-0000-00,Exclusive Negotiations,URA Owned
0022-D-00137-0000-00,Exclusive Negotiations,URA Owned
0022-D-00161-0000-00,Exclusive Negotiations,URA Owned
0022-D-00162-0000-00,Exclusive Negotiations,URA Owned
0022-F-00042-0000-00,Hold for Study,URA Owned
0022-M-00065-0000-00,Available,URA Owned
0022-M-00091-0000-00,Available,URA Owned
0023-A-00107-0000-00,Hold for Study,URA Owned
0023-A-00108-0000-00,Hold for Study,URA Owned
0023-A-00175-0000-00,Hold for Study,URA Owned
0023-E-00066-0000-00,Hold for Study,URA Owned
0023-E-00067-0000-00,Hold for Study,URA Owned
0024-N-00118-0000-00,Available,URA Owned
0024-N-00120-0000-00,Available,URA Owned
0025-P-00010-0000-00,Site Assemblage,URA Owned
0025-S-00112-0000-00,Exclusive Negotiations,URA Owned
0025-S-00262-0000-00,Hold for Study,URA Owned
0027-A-00045-0000-00,Hold for Study,URA Owned
0027-A-00053-0000-00,Hold for Study,URA Owned
0027-A-00056-0000-00,Hold for Study,URA Owned
0027-A-00058-0000-00,Hold for Study,URA Owned
0027-A-00060-0000-00,Hold for Study,URA Owned
0027-A-00061-0000-00,Hold for Study,URA Owned
0027-A-00062-0000-00,Hold for Study,URA Owned
0027-A-00063-0000-00,Hold for Study,URA Owned
0027-A-00064-0000-00,Hold for Study,URA Owned
0027-A-00098-0000-00,Hold for Study,URA Owned
0027-A-00105-0000-00,Hold for Study,URA Owned
0027-A-00107-0000-00,Hold for Study,URA Owned
0027-A-00107-000A-00,Hold for Study,URA Owned
0027-A-00121-0000-00,Hold for Study,URA Owned
0027-A-00123-0000-00,Hold for Study,URA Owned
0027-A-00129-0000-00,Hold for Study,URA Owned
0027-A-00131-0000-00,Hold for Study,URA Owned
0027-A-00164-0000-00,Hold for Study,URA Owned
0027-A-00165-0000-00,Hold for Study,URA Owned
0027-A-00166-0000-00,Hold for Study,URA Owned
0027-A-00168-0000-00,Hold for Study,URA Owned
0027-A-00169-0000-00,Hold for Study,URA Owned
0027-A-00170-0000-00,Hold for Study,URA Owned
0027-A-00171-0000-00,Hold for Study,URA Owned
0027-A-00172-0000-00,Hold for Study,URA Owned
0027-A-00173-0000-00,Hold for Study,URA Owned
0027-A-00201-0000-00,Hold for Study,URA Owned
0027-E-00059-0000-00,Hold for Study,URA Owned
0027-E-00083-0000-00,Hold for Study,URA Owned
0027-E-00085-0000-00,Hold for Study,URA Owned
0027-E-00086-0000-00,Hold for Study,URA Owned
0027-E-00087-0000-00,Hold for Study,URA Owned
0027-E-00088-0000-00,Hold for Study,URA Owned
0027-E-00089-0000-00,Hold for Study,URA Owned
0027-E-00090-0000-00,Hold for Study,URA Owned
0027-E-00091-0000-00,Hold for Study,URA Owned
0027-E-00092-0000-00,Hold for Study,URA Owned
0027-E-00093-0000-00,Hold for Study,URA Owned
0027-E-00094-0000-00,Hold for Study,URA Owned
0027-E-00095-0000-00,Hold for Study,URA Owned
0027-E-00096-0000-00,Hold for Study,URA Owned
0027-E-00097-0000-00,Hold for Study,URA Owned
0027-E-00098-0000-00,Hold for Study,URA Owned
0027-E-00100-0000-00,Hold for Study,URA Owned
0027-E-00101-0000-00,Hold for Study,URA Owned
0027-E-00102-0000-00,Hold for Study,URA Owned
0027-E-00103-0000-00,Hold for Study,URA Owned
0027-E-00104-0000-00,Hold for Study,URA Owned
0027-E-00105-0000-00,Hold for Study,URA Owned
0027-E-00107-0000-00,Hold for Study,URA Owned
0027-E-00109-0000-00,Hold for Study,URA Owned
0027-E-00127-0000-00,Available,URA Owned
0027-E-00151-0000-00,Hold for Study,URA Owned
0028-P-00226-0000-00,Hold for Study,URA Owned
0029-F-00101-0000-00,Easement Area,URA Owned
0029-N-00140-0000-00,Hold for Study,URA Owned
0029-N-00150-0000-00,Easement Area,URA Owned
0029-N-00152-0000-00,Hold for Study,URA Owned
0030-L-00051-0000-00,Hold for Study,URA Owned
0030-L-00105-0000-00,Hold for Study,URA Owned
0035-G-00024-0000-00,Available,URA Owned
0041-G-00292-0000-00,Available,URA Owned
0041-G-00295-0000-00,Available,URA Owned
0041-H-00122-0000-00,Available,URA Owned
0041-H-00125-0000-00,Available,URA Owned
0041-H-00126-0000-00,Available,URA Owned
0041-H-00141-0000-00,Available,URA Owned
0041-H-00142-0000-00,Available,URA Owned
0041-H-00143-0000-00,Available,URA Owned
0041-H-00144-0000-00,Available,URA Owned
0041-H-00145-0000-00,Available,URA Owned
0041-L-00070-0000-00,Available,URA Owned
0041-L-00075-0000-00,Available,URA Owned
0041-L-00079-0000-00,Available,URA Owned
0041-L-00080-0000-00,Available,URA Owned
0041-L-00090-0000-00,Available,URA Owned
0041-L-00147-0000-00,Available,URA Owned
0041-L-00181-0000-00,Available,URA Owned
0041-L-00250-0000-00,Available,URA Owned
0041-L-00500-0000-00,Hold for Study,URA Owned
0041-M-00500-0000-00,Available,URA Owned
0045-L-00011-0000-00,Disposition in Process,URA Owned
0045-L-00013-0000-00,Disposition in Process,URA Owned
0045-L-00014-0000-00,Disposition in Process,URA Owned
0045-M-00034-0000-00,Hold for Study,URA Owned
0045-M-00380-0000-00,Hold for Study,URA Owned
0045-M-00382-0000-00,Hold for Study,URA Owned
0045-M-00385-0000-00,Hold for Study,URA Owned
0045-M-00388-0000-00,Hold for Study,URA Owned
0045-M-00390-0000-00,Hold for Study,URA Owned
0045-S-00001-0000-00,Disposition in Process,URA Owned
0045-S-00074-0000-00,Hold for Study,URA Owned
0045-S-00078-0000-00,Hold for Study,URA Owned
0045-S-00079-0000-00,Hold for Study,URA Owned
0045-S-00266-0000-00,Disposition in Process,URA Owned
0046-G-00138-0000-00,Hold for Study,URA Owned
0046-G-00232-0000-00,Available,URA Owned
0046-N-00106-0000-00,Disposition in Process,URA Owned
0046-N-00249-0000-00,Available,URA Owned
0046-P-00012-0000-00,Hold-PHDC Transfer Pending,URA Owned
0046-P-00014-0000-00,Hold for Study,URA Owned
0046-P-00017-0000-00,Disposition in Process,URA Owned
0048-H-00161-0000-00,Easement Area,URA Owned
0050-B-00045-0000-00,Hold for Study,URA Owned
0050-G-00049-0000-00,Hold-PLB Transfer Pending,URA Owned
0050-G-00129-0000-00,Hold-PLB Transfer Pending,URA Owned
0055-L-00081-0000-00,Hold for Study,URA Owned
0057-G-00342-0000-00,Available,URA Owned
0070-E-00375-0000-00,Disposition in Process,URA Owned
0070-J-00100-0000-00,Hold for Study,URA Owned
0070-J-00126-0000-00,Hold for Study,URA Owned
0070-K-00080-0000-00,Hold for Study,URA Owned
0075-L-00275-0000-00,Disposition in Process,URA Owned
0075-L-00314-0000-00,Disposition in Process,URA Owned
0075-M-00083-0000-00,Disposition in Process,URA Owned
0077-P-00261-0000-00,Available,URA Owned
0077-P-00265-0000-00,Available,URA Owned
0077-P-00266-0000-00,Available,URA Owned
0080-N-00006-0000-00,Disposition in Process,URA Owned
0080-N-00008-0000-00,Disposition in Process,URA Owned
0080-N-00010-0000-00,Disposition in Process,URA Owned
0081-A-00225-0000-00,Hold for Study,URA Owned
0083-E-00080-0000-00,Hold for Study,URA Owned
0083-P-00249-0000-00,Hold for Study,URA Owned
0083-S-00282-0000-00,Hold from Market,URA Owned
0083-S-00286-0000-00,Hold for Study,URA Owned
0083-S-00291-0000-00,Hold for Study,URA Owned
0083-S-00502-0000-00,Hold from Market,URA Owned
0088-G-00328-0000-00,Disposition in Process,URA Owned
0088-G-00329-0000-00,Disposition in Process,URA Owned
0088-G-00330-0000-00,Disposition in Process,URA Owned
0088-G-00332-0000-00,Disposition in Process,URA Owned
0088-G-00334-0000-00,Disposition in Process,URA Owned
0088-G-00337-0000-00,Disposition in Process,URA Owned
0088-G-00338-0000-00,Disposition in Process,URA Owned
0088-G-00340-0000-00,Disposition in Process,URA Owned
0088-G-00341-0000-00,Disposition in Process,URA Owned
0088-G-00342-0000-00,Disposition in Process,URA Owned
0088-H-00020-0000-00,Disposition in Process,URA Owned
0088-H-00063-0000-00,Disposition in Process,URA Owned
0088-H-00072-0000-00,Disposition in Process,URA Owned
0088-H-00158-0000-00,Dedicated,
0088-H-00161-0000-00,Site Assemblage,URA Owned
0088-H-00162-0000-00,Dedicated,
0088-L-00150-0000-00,Disposition in Process,URA Owned
0088-M-00020-0000-00,Dedicated,
0088-R-00020-0000-00,Disposition in Process,URA Owned
0107-D-00012-0000-00,Available,URA Owned
0107-M-00200-0000-00,Hold for Study,URA Owned
0107-M-00210-0000-00,Hold for Study,URA Owned
0107-S-00194-0000-00,Hold for Study,URA Owned
0107-S-00200-0000-00,Hold for Study,URA Owned
0108-R-00010-0000-00,Hold for Study,URA Owned
0115-A-00247-0000-00,Available,URA Owned
0116-G-00044-0000-00,Available,URA Owned
0116-G-00056-0000-00,Available,URA Owned
0116-G-00058-0000-00,Available,URA Owned
0116-G-00078-0000-00,Available,URA Owned
0116-G-00201-0000-00,Available,URA Owned
0116-G-00250-0000-00,Available,URA Owned
0116-G-00284-0000-00,Available,URA Owned
0116-L-00130-0000-00,Available,URA Owned
0116-L-00140-0000-00,Available,URA Owned
0116-L-00149-0000-00,Available,URA Owned
0124-J-00059-0000-00,Hold for Study,URA Owned
0124-J-00065-0000-00,Hold for Study,URA Owned
0124-J-00066-0000-00,Hold for Study,URA Owned
0124-J-00068-0000-00,Hold for Study,URA Owned
0124-J-00071-0000-00,Hold for Study,URA Owned
0124-J-00072-0000-00,Hold for Study,URA Owned
0124-J-00073-0000-00,Hold for Study,URA Owned
0124-K-00018-0000-00,Site Assemblage,URA Owned
0124-N-00120-0000-00,Hold for Study,URA Owned
0124-P-00104-0000-00,Site Assemblage,URA Owned
0124-R-00093-0000-00,Site Assemblage,URA Owned
0125-A-00345-0001-00,Hold from Market,URA Owned
0125-A-00506-0000-00,To Be Dedicated,URA Owned
0125-C-00170-0000-00,To Be Dedicated,URA Owned
0128-R-00100-0000-00,Site Assemblage,URA Owned
0128-R-00200-0000-00,Site Assemblage,URA Owned
0129-A-00159-0000-00,Dedicated,
0129-A-00160-0000-00,Site Assemblage,URA Owned
0129-J-00150-0000-00,Site Assemblage,URA Owned
0129-N-00040-0000-00,Site Assemblage,URA Owned
0174-C-00501-0000-00,Hold for Study,URA Owned
0174-D-00078-0000-00,Available,URA Owned
0174-E-00021-0000-00,Available,URA Owned
0174-G-00077-0000-00,Hold for Study,URA Owned
0174-J-00131-0000-00,Hold for Study,URA Owned
0174-J-00293-0000-00,Hold for Study,URA Owned
0174-J-00300-0000-00,Hold for Study,URA Owned
0174-J-00303-0000-00,Hold for Study,URA Owned
0174-K-00201-0000-00,Hold for Study,URA Owned
0174-L-00155-0000-00,Hold for Study,URA Owned
0174-L-00172-0000-00,Available,URA Owned
0174-L-00174-0000-00,Available,URA Owned
0174-L-00215-0000-00,Available,URA Owned
0174-L-00216-0000-00,Available,URA Owned
0174-N-00095-0000-00,Site Assemblage,URA Owned
0174-N-00190-0000-00,Exclusive Negotiations,URA Owned
0174-N-00192-0000-00,Exclusive Negotiations,URA Owned
0174-N-00194-0000-00,Exclusive Negotiations,URA Owned
0174-N-00198-0000-00,Exclusive Negotiations,URA Owned
0175-A-00111-0000-00,Exclusive Negotiations,URA Owned
0175-A-00113-0000-00,Exclusive Negotiations,URA Owned
0175-B-00150-0000-00,Hold for Study,URA Owned
0175-B-00151-0000-00,Hold for Study,URA Owned
0231-J-00276-0000-00,Hold for Study,URA Owned
0050-M-00008-0000-00,Disposition in Process,URA Owned
0050-M-00186-0000-00,Disposition in Process,URA Owned
0029-J-00135-0000-00,Disposition in Process,URA Owned
0088-G-00375-0000-00,To Be Dedicated,URA Owned
0088-H-00250-0000-00,To Be Dedicated,URA Owned
0088-M-00158-0000-00,Site Assemblage,URA Owned
0088-M-00162-0000-00,To Be Dedicated,URA Owned
0088-M-00164-0000-00,To Be Dedicated,URA Owned
0088-M-00200-0000-00,To Be Dedicated,URA Owned
0088-R-00200-0000-00,Dedicated,
0088-S-00015-0000-00,Site Assemblage,URA Owned
0088-R-00125-0000-00,Dedicated,
0129-F-00001-0000-00,Site Assemblage,URA Owned
0010-J-00100-0000-00,Hold for Study,URA Owned
0010-J-00101-0000-00,Hold for Study,URA Owned
0010-J-00103-0000-00,Hold for Study,URA Owned
0010-J-00104-0000-00,Hold for Study,URA Owned
0010-J-00105-0000-00,Hold for Study,URA Owned
0010-J-00080-0000-00,Hold for Study,URA Owned
0010-J-00084-0000-00,Hold for Study,URA Owned
0010-J-00099-0000-00,Hold for Study,URA Owned
0010-K-00227-0000-00,Hold for Study,URA Owned
0010-K-00229-0000-00,Hold for Study,URA Owned
0124-J-00232-0000-00,Site Assemblage,URA Owned
0124-J-00233-0000-00,Site Assemblage,URA Owned
0124-J-00234-0000-00,Site Assemblage,URA Owned
0124-J-00235-0000-00,Site Assemblage,URA Owned
0124-N-00110-0000-00,Hold for Study,URA Owned
0124-N-00114-0000-00,Hold for Study,URA Owned
0124-N-00115-0000-00,Hold for Study,URA Owned
0124-N-00116-0000-00,Hold for Study,URA Owned
0124-N-00125-0000-00,Hold for Study,URA Owned
0124-N-00126-0000-00,Hold for Study,URA Owned
0124-N-00127-0000-00,Hold for Study,URA Owned
0124-N-00128-0000-00,Hold for Study,URA Owned
0124-N-00129-0000-00,Hold for Study,URA Owned
0125-L-00022-0000-00,Site Assemblage,URA Owned
0125-L-00023-0000-00,Site Assemblage,URA Owned
0125-L-00044-0000-00,Site Assemblage,URA Owned
0125-L-00045-0000-00,Site Assemblage,URA Owned
0125-L-00046-0000-00,Site Assemblage,URA Owned
0125-L-00047-0000-00,Site Assemblage,URA Owned
0125-M-00225-0000-00,Available,URA Owned
0125-M-00226-0000-00,Available,URA Owned
0174-N-00296-0000-00,Exclusive Negotiations,URA Owned
0174-N-00314-0000-00,Site Assemblage,URA Owned
0174-N-00315-0000-00,Site Assemblage,URA Owned
0174-N-00316-0000-00,Site Assemblage,URA Owned
0174-N-00078-0000-00,Site Assemblage,URA Owned
0174-N-00094-0000-00,Site Assemblage,URA Owned
0174-N-00096-0000-00,Site Assemblage,URA Owned
0174-N-00097-0000-00,Site Assemblage,URA Owned
0175-A-00001-0000-00,Site Assemblage,URA Owned
0175-A-00002-0000-00,Site Assemblage,URA Owned
0083-M-00175-0000-00,Hold-PLB Transfer Pending,URA Owned
0083-M-00176-0000-00,Hold-PLB Transfer Pending,URA Owned
0083-M-00183-0000-00,Hold-PLB Transfer Pending,URA Owned
0083-M-00184-0000-00,Hold-PLB Transfer Pending,URA Owned
0083-M-00196-0000-00,Site Assemblage,URA Owned
0083-M-00198-0000-00,Site Assemblage,URA Owned
0083-M-00199-0000-00,Site Assemblage,URA Owned
0083-M-00208-0000-00,Site Assemblage,URA Owned
0083-M-00208-000A-00,Site Assemblage,URA Owned
0083-M-00209-0000-00,Site Assemblage,URA Owned
0083-M-00211-0000-00,Site Assemblage,URA Owned
0083-M-00213-0000-00,Site Assemblage,URA Owned
0083-S-00386-0000-00,Hold-PLB Transfer Pending,URA Owned
0008-G-00320-0000-00,Hold for Study,URA Owned
0008-G-00300-0000-00,Hold for Study,URA Owned
0008-G-00300-0000-01,Hold for Study,URA Owned
0021-M-00038-0000-00,Hold for Study,URA Owned
0022-J-00067-0000-00,Hold for Study,URA Owned
0011-E-00022-0000-00,Disposition in Process,URA Owned
0042-E-00300-0000-00,Disposition in Process,URA Owned
0002-C-00300-0000-00,Disposition in Process,URA Owned
0002-G-00056-0000-00,Available,URA Owned
0002-G-00057-0000-00,Available,URA Owned
0029-F-00205-0000-00,Easement Area,URA Owned
0056-B-00314-0000-00,Hold for Study,URA Owned
0056-B-00315-0000-00,Hold for Study,URA Owned
0056-B-00316-0000-00,Hold for Study,URA Owned
0056-B-00317-0000-00,Hold for Study,URA Owned
0056-B-00326-0000-00,Exclusive Negotiations,URA Owned
0056-F-00078-0000-00,Hold from Market,URA Owned
0056-F-00080-0000-00,Hold from Market,URA Owned
0056-F-00083-0000-00,Hold from Market,URA Owned
0056-F-00084-0000-00,Hold from Market,URA Owned
0056-F-00085-0000-00,Hold from Market,URA Owned
0056-F-00086-0000-00,Hold from Market,URA Owned
0056-F-00088-0000-00,Hold from Market,URA Owned
0056-F-00090-0000-00,Hold from Market,URA Owned
0056-F-00091-0000-00,Hold from Market,URA Owned
0056-F-00092-0000-00,Hold from Market,URA Owned
0056-F-00099-0000-00,Exclusive Negotiations,URA Owned
0056-F-00100-0000-00,Exclusive Negotiations,URA Owned
0056-F-00101-0000-00,Exclusive Negotiations,URA Owned
0056-F-00103-0000-00,Exclusive Negotiations,URA Owned
0056-F-00104-0000-00,Exclusive Negotiations,URA Owned
0056-F-00106-0000-00,Exclusive Negotiations,URA Owned
0056-F-00107-0000-00,Exclusive Negotiations,URA Owned
0056-F-00108-0000-00,Exclusive Negotiations,URA Owned
0056-F-00109-0000-00,Exclusive Negotiations,URA Owned
0056-F-00110-0000-00,Exclusive Negotiations,URA Owned
0056-F-00326-0000-00,Disposition in Process,URA Owned
0056-F-00326-000A-00,Disposition in Process,URA Owned
0056-F-00327-0000-00,Disposition in Process,URA Owned
0056-F-00330-0000-00,Disposition in Process,URA Owned
0056-F-00331-0000-00,Disposition in Process,URA Owned
0088-M-00160-0000-00,To Be Dedicated,URA Owned
0002-F-00240-0002-00,Easement Area,URA Owned
0011-S-00042-0000-00,To Be Dedicated,URA Owned
0047-J-00132-0000-00,Hold for Study,URA Owned
0123-D-00001-0000-00,Available,URA Owned
0172-P-00299-0000-00,To Be Dedicated,URA Owned
0172-P-00350-0000-00,Hold for Study,URA Owned
0001-D-00183-0000-00,Available,URA Owned
0001-M-00160-0000-00,Hold for Study,URA Owned
0002-E-00077-0000-01,Disposition in Process,URA Owned
0002-H-00147-0000-00,Hold for Study,URA Owned
0002-H-00149-0000-00,Hold for Study,URA Owned
0002-H-00151-0000-00,Hold for Study,URA Owned
0002-H-00253-0000-00,Site Assemblage,URA Owned
0002-H-00254-0000-00,Site Assemblage,URA Owned
0002-H-00261-0000-00,Site Assemblage,URA Owned
0002-H-00301-0000-00,Hold for Study,URA Owned
0002-H-00302-0000-00,Hold for Study,URA Owned
0002-H-00303-0000-00,Hold for Study,URA Owned
0002-H-00304-0000-00,Hold for Study,URA Owned
0002-H-00305-0000-00,Hold for Study,URA Owned
0002-H-00307-0000-00,Hold for Study,URA Owned
0002-H-00309-0000-00,Hold for Study,URA Owned
0002-H-00312-0000-00,Hold for Study,URA Owned
0002-H-00314-0000-00,Hold for Study,URA Owned
0002-H-00316-0000-00,Hold for Study,URA Owned
0002-H-00318-0000-00,Hold for Study,URA Owned
0002-H-00319-0000-00,Hold for Study,URA Owned
0002-H-00321-0000-00,Hold for Study,URA Owned
0002-H-00322-0000-00,Hold for Study,URA Owned
0002-H-00323-0000-00,Hold for Study,URA Owned
0002-H-00324-0000-00,Hold for Study,URA Owned
0002-H-00324-000A-00,Hold for Study,URA Owned
0002-H-00325-0000-00,Hold for Study,URA Owned
0002-H-00327-0000-00,Hold for Study,URA Owned
0002-H-00328-0000-00,Hold for Study,URA Owned
0002-H-00330-0000-01,Hold for Study,URA Owned
0002-H-00330-0000-02,Hold for Study,URA Owned
0002-H-00336-0000-00,Hold for Study,URA Owned
0002-H-00337-0000-00,Hold for Study,URA Owned
0002-H-00340-0000-00,Hold for Study,URA Owned
0002-J-00164-0000-01,Hold for Study,URA Owned
0002-J-00164-0000-02,Hold from Market,URA Owned
0002-N-00297-0000-00,To Be Dedicated,URA Owned
0003-L-00215-0000-00,Available,URA Owned
0007-B-00144-0000-00,Hold for Study,URA Owned
0007-B-00222-0000-00,Hold for Study,URA Owned
0007-B-00350-0000-00,Hold for Study,URA Owned
0007-F-00010-0000-00,Disposition in Process,URA Owned
0007-F-00020-0000-00,Disposition in Process,URA Owned
0007-F-00025-0000-00,Disposition in Process,URA Owned
0008-H-00261-0000-00,Hold for Study,URA Owned
0009-B-00007-0000-00,Disposition in Process,URA Owned
0009-B-00014-0000-00,Disposition in Process,URA Owned
0009-B-00015-0000-00,Disposition in Process,URA Owned
0009-B-00016-0000-00,Disposition in Process,URA Owned
0009-B-00019-0000-00,Disposition in Process,URA Owned
0009-B-00052-0000-00,Disposition in Process,URA Owned
0009-B-00053-0000-00,Disposition in Process,URA Owned
0009-B-00055-0000-00,Disposition in Process,URA Owned
0009-B-00056-0000-00,Disposition in Process,URA Owned
0009-B-00057-0000-00,Disposition in Process,URA Owned
0009-B-00058-0000-00,Disposition in Process,URA Owned
0009-M-00133-0000-00,Disposition in Process,URA Owned
0009-M-00139-0000-00,Hold for Study,URA Owned
0009-M-00171-0000-00,Hold for Study,URA Owned
0009-M-00273-0000-00,Hold for Study,URA Owned
0009-M-00274-0000-00,Hold for Study,URA Owned
0009-M-00325-0000-00,Hold for Study,URA Owned
0009-R-00156-0000-00,Disposition in Process,URA Owned
0009-R-00159-0000-00,Disposition in Process,URA Owned
0009-R-00160-0000-00,Disposition in Process,URA Owned
0009-R-00163-0000-00,Disposition in Process,URA Owned
0009-R-00164-0000-00,Disposition in Process,URA Owned
0009-R-00165-0000-00,Disposition in Process,URA Owned
0009-R-00166-0000-00,Disposition in Process,URA Owned
0009-S-00109-0000-00,Hold for Study,URA Owned
0009-S-00110-0000-00,Hold for Study,URA Owned
0009-S-00111-0000-00,Exclusive Negotiations,URA Owned
0009-S-00112-0000-00,Exclusive Negotiations,URA Owned
0009-S-00113-0000-00,Exclusive Negotiations,URA Owned
0009-S-00114-0000-00,Exclusive Negotiations,URA Owned
0009-S-00115-0000-00,Exclusive Negotiations,URA Owned
0009-S-00116-0000-00,Exclusive Negotiations,URA Owned
0009-S-00117-0000-00,Exclusive Negotiations,URA Owned
0009-S-00117-0000-02,Exclusive Negotiations,URA Owned
0009-S-00118-0000-00,Exclusive Negotiations,URA Owned
0009-S-00148-0000-00,Exclusive Negotiations,URA Owned
0010-C-00040-0000-00,Hold for Study,URA Owned
0010-D-00246-0000-00,Hold for Study,URA Owned
0010-D-00268-0000-00,Hold for Study,URA Owned
0010-D-00270-0000-00,Hold for Study,URA Owned
0010-D-00276-0000-00,Hold for Study,URA Owned
0010-D-00278-000A-00,Hold for Study,URA Owned
0010-D-00282-000A-00,Hold for Study,URA Owned
0010-D-00286-0000-00,Hold for Study,URA Owned
0010-D-00289-0000-00,Hold for Study,URA Owned
0010-D-00294-0000-00,Hold for Study,URA Owned
0010-D-00310-0000-00,Disposition in Process,URA Owned
0010-D-00313-0000-00,Disposition in Process,URA Owned
0010-D-00314-0000-00,Disposition in Process,URA Owned
0010-D-00318-0000-00,Disposition in Process,URA Owned
0010-D-00327-0000-00,Disposition in Process,URA Owned
0010-D-00329-0000-00,Disposition in Process,URA Owned
0010-D-00333-0000-00,Disposition in Process,URA Owned
0010-D-00341-0000-00,Hold for Study,URA Owned
0010-D-00342-0000-00,Hold for Study,URA Owned
0010-D-00342-000A-00,Hold for Study,URA Owned
0010-D-00343-0000-00,Hold for Study,URA Owned
0010-D-00345-0000-00,Hold for Study,URA Owned
0010-D-00346-0000-00,Hold for Study,URA Owned
0010-D-00348-0000-00,Hold for Study,URA Owned
0010-D-00349-0000-00,Hold for Study,URA Owned
0010-D-00350-0000-00,Hold for Study,URA Owned
0010-D-00351-0000-00,Hold for Study,URA Owned
0010-G-00073-0000-00,Hold for Study,URA Owned
0010-G-00074-0000-00,Hold for Study,URA Owned
0010-G-00174-0000-00,Hold for Study,URA Owned
0010-G-00196-0000-00,Disposition in Process,URA Owned
0010-G-00205-0000-00,Hold for Study,URA Owned
0010-H-00061-0000-00,Hold for Study,URA Owned
0010-H-00085-0000-00,Hold for Study,URA Owned
0010-H-00172-0000-00,Hold for Study,URA Owned
0010-H-00181-0000-00,Hold for Study,URA Owned
0010-H-00222-0000-00,Hold for Study,URA Owned
0010-H-00235-0000-00,Hold for Study,URA Owned
0010-H-00253-0000-00,Hold for Study,URA Owned
0010-H-00268-0000-00,Hold for Study,URA Owned
0010-H-00271-0000-00,Hold for Study,URA Owned
0010-H-00272-0000-00,Hold for Study,URA Owned
0010-H-00273-0000-00,Hold for Study,URA Owned
0010-H-00274-0000-00,Hold for Study,URA Owned
0010-H-00275-0000-00,Hold for Study,URA Owned
0010-H-00276-0000-00,Hold for Study,URA Owned
0010-H-00277-0000-00,Hold for Study,URA Owned
0010-H-00278-0000-00,Hold for Study,URA Owned
0010-H-00279-0000-00,Hold for Study,URA Owned
0010-H-00280-0000-00,Hold for Study,URA Owned
0010-H-00281-0000-00,Hold for Study,URA Owned
0010-H-00284-0000-00,Hold for Study,URA Owned
0010-H-00285-0000-00,Hold for Study,URA Owned
0010-H-00286-0000-00,Hold for Study,URA Owned
0010-H-00287-0000-00,Hold for Study,URA Owned
0010-H-00289-0000-00,Hold for Study,URA Owned
0010-H-00290-0000-00,Hold for Study,URA Owned
0010-H-00291-0000-00,Hold for Study,URA Owned
0010-H-00292-0000-00,Hold for Study,URA Owned
0010-H-00293-0000-00,Hold for Study,URA Owned
0010-H-00294-0000-00,Hold for Study,URA Owned
0010-H-00295-0000-00,Hold for Study,URA Owned
0010-H-00296-0000-00,Hold for Study,URA Owned
0010-H-00297-0000-00,Hold for Study,URA Owned
0010-H-00298-0000-00,Hold for Study,URA Owned
0010-H-00299-0000-00,Hold for Study,URA Owned
0010-H-00300-0000-00,Hold for Study,URA Owned
0010-H-00301-0000-00,Hold for Study,URA Owned
0010-H-00302-0000-00,Hold for Study,URA Owned
0010-H-00303-0000-00,Hold for Study,URA Owned
0010-H-00305-0000-00,Hold for Study,URA Owned
0010-H-00309-0000-00,Hold for Study,URA Owned
0010-H-00311-0000-00,Hold for Study,URA Owned
0010-J-00173-0000-00,Hold for Study,URA Owned
0010-J-00179-0000-00,Hold for Study,URA Owned
0010-J-00183-0000-00,Hold for Study,URA Owned
0010-J-00259-0000-00,Disposition in Process,URA Owned
0010-K-00016-0000-00,RFP/RFQ Issued,URA Owned
0010-K-00018-0000-00,RFP/RFQ Issued,URA Owned
0010-K-00019-0000-00,RFP/RFQ Issued,URA Owned
0010-K-00020-0000-00,RFP/RFQ Issued,URA Owned
0010-K-00345-0000-00,Available,URA Owned
0010-L-00051-0000-00,RFP/RFQ Issued,URA Owned
0010-L-00056-0000-00,Exclusive Negotiations,URA Owned
0010-L-00057-0000-00,RFP/RFQ Issued,URA Owned
0010-L-00059-0000-00,RFP/RFQ Issued,URA Owned
0010-L-00075-0000-00,RFP/RFQ Issued,URA Owned
0010-L-00081-0000-00,Hold for Study,URA Owned
0010-L-00083-0000-00,Hold for Study,URA Owned
0010-L-00084-0000-00,Hold for Study,URA Owned
0010-L-00085-0000-00,Hold for Study,URA Owned
0010-L-00086-0000-00,Hold for Study,URA Owned
0010-L-00095-0000-00,Hold for Study,URA Owned
0010-L-00189-0000-00,Hold for Study,URA Owned
0010-L-00191-0000-00,Hold for Study,URA Owned
0010-L-00199-0000-00,Hold for Study,URA Owned
0010-L-00200-0000-00,Hold for Study,URA Owned
0010-L-00202-0000-00,Hold for Study,URA Owned
0010-L-00204-0000-00,Hold for Study,URA Owned
0010-L-00205-0000-00,Hold for Study,URA Owned
0010-L-00206-0000-00,Hold for Study,URA Owned
0010-L-00208-0000-00,Hold for Study,URA Owned
0010-L-00211-0000-00,Hold for Study,URA Owned
0010-L-00216-0000-00,Hold for Study,URA Owned
0010-L-00218-0000-00,Hold for Study,URA Owned
0010-L-00221-0000-00,Hold for Study,URA Owned
0010-L-00233-0000-00,Hold for Study,URA Owned
0010-L-00234-0000-00,Hold for Study,URA Owned
0010-L-00235-0000-00,Hold for Study,URA Owned
0010-L-00236-0000-00,Hold for Study,URA Owned
0010-L-00238-0000-00,Hold for Study,URA Owned
0010-L-00239-0000-00,Hold for Study,URA Owned
0010-L-00240-0000-00,Hold for Study,URA Owned
0010-L-00242-0000-00,Hold for Study,URA Owned
0010-L-00243-0000-00,Hold for Study,URA Owned
0010-L-00244-0000-00,Hold for Study,URA Owned
0010-L-00245-0000-00,Hold for Study,URA Owned
0010-L-00256-0000-00,Hold for Study,URA Owned
0010-L-00270-0000-00,Hold for Study,URA Owned
0010-L-00274-0000-00,Hold for Study,URA Owned
0010-L-00275-0000-00,Hold for Study,URA Owned
0010-L-00280-0000-00,Hold for Study,URA Owned
0010-L-00289-0000-00,Hold for Study,URA Owned
0010-L-00290-0000-00,Hold for Study,URA Owned
0010-L-00330-0000-00,Hold for Study,URA Owned
0010-L-00331-0000-00,Hold for Study,URA Owned
0010-L-00333-0000-00,Hold for Study,URA Owned
0010-L-00334-0000-00,Hold for Study,URA Owned
0010-L-00338-0000-00,Hold for Study,URA Owned
0010-M-00004-0000-00,Hold for Study,URA Owned
0010-M-00017-0000-00,Hold for Study,URA Owned
0010-M-00018-0000-00,Hold for Study,URA Owned
0010-M-00019-0000-00,Hold for Study,URA Owned
0010-M-00246-0000-00,Available,URA Owned
0010-N-00336-0000-00,Hold for Study,URA Owned
0010-N-00339-0000-00,RFP/RFQ Issued,URA Owned
0010-N-00345-0000-00,RFP/RFQ Issued,URA Owned
0010-N-00348-0000-00,Hold for Study,URA Owned
0010-N-00350-0000-00,Hold for Study,URA Owned
0010-N-00351-0000-00,Hold for Study,URA Owned
0010-N-00352-0000-00,Hold for Study,URA Owned
0010-N-00353-0000-00,Hold for Study,URA Owned
0010-N-00355-0000-00,Hold for Study,URA Owned
0010-P-00063-0000-00,RFP/RFQ Issued,URA Owned
0010-P-00065-0000-00,Hold for Study,URA Owned
0010-P-00068-0000-00,RFP/RFQ Issued,URA Owned
0010-P-00069-0000-00,RFP/RFQ Issued,URA Owned
0010-P-00070-0000-00,RFP/RFQ Issued,URA Owned
0010-P-00154-0000-00,Disposition in Process,URA Owned
0010-P-00155-0000-00,Disposition in Process,URA Owned
0010-P-00156-0000-00,Disposition in Process,URA Owned
0010-P-00158-0000-00,Disposition in Process,URA Owned
0010-P-00159-0000-00,Disposition in Process,URA Owned
0010-P-00159-000A-00,Disposition in Process,URA Owned
0010-P-00160-0000-00,Disposition in Process,URA Owned
0010-P-00161-0000-00,Disposition in Process,URA Owned
0010-P-00165-0000-00,Disposition in Process,URA Owned
0010-P-00171-0000-00,Hold for Study,URA Owned
0010-P-00186-0000-00,Disposition in Process,URA Owned
0010-P-00187-0000-00,Disposition in Process,URA Owned
0010-P-00188-0000-00,Disposition in Process,URA Owned
0010-P-00189-0000-00,Disposition in Process,URA Owned
0010-P-00190-0000-00,Disposition in Process,URA Owned
0010-P-00192-000B-00,Exclusive Negotiations,URA Owned
0010-P-00192-000D-00,Exclusive Negotiations,URA Owned
0010-P-00196-0000-00,Exclusive Negotiations,URA Owned
0010-P-00203-0000-00,Exclusive Negotiations,URA Owned
0010-P-00204-0000-00,Exclusive Negotiations,URA Owned
0010-P-00205-0000-00,Exclusive Negotiations,URA Owned
0010-P-00206-0000-00,Exclusive Negotiations,URA Owned
0010-P-00207-0000-00,Exclusive Negotiations,URA Owned
0010-P-00208-0000-00,Exclusive Negotiations,URA Owned
0011-A-00015-0000-00,Site Assemblage,URA Owned
0011-A-00021-0000-00,Site Assemblage,URA Owned
0011-A-00024-0000-00,Site Assemblage,URA Owned
0011-A-00026-0000-00,Hold for Study,URA Owned
0011-A-00027-0000-00,Hold for Study,URA Owned
0011-A-00035-0000-00,Exclusive Negotiations,URA Owned
0011-A-00037-0000-00,Exclusive Negotiations,URA Owned
0011-A-00038-0000-00,Exclusive Negotiations,URA Owned
0011-A-00040-0000-00,Exclusive Negotiations,URA Owned
0011-A-00041-0000-00,Exclusive Negotiations,URA Owned
0011-A-00043-0000-00,Exclusive Negotiations,URA Owned
0011-A-00046-0000-00,Exclusive Negotiations,URA Owned
0011-A-00047-0000-00,Exclusive Negotiations,URA Owned
0011-A-00048-0000-00,Exclusive Negotiations,URA Owned
0011-A-00151-0000-00,Exclusive Negotiations,URA Owned
0011-A-00169-0000-00,Site Assemblage,URA Owned
0011-A-00170-0000-00,Site Assemblage,URA Owned
0011-A-00187-0000-00,Site Assemblage,URA Owned
0011-A-00200-0000-00,Site Assemblage,URA Owned
0011-A-00201-0000-00,Site Assemblage,URA Owned
0011-A-00202-0000-00,Site Assemblage,URA Owned
0011-A-00207-0000-00,Site Assemblage,URA Owned
0011-A-00208-0000-00,Site Assemblage,URA Owned
0011-A-00210-0000-00,Site Assemblage,URA Owned
0011-A-00210-000A-00,Site Assemblage,URA Owned
0011-A-00212-0000-00,Site Assemblage,URA Owned
0011-A-00217-0000-00,Site Assemblage,URA Owned
0011-A-00218-0000-00,Site Assemblage,URA Owned
0011-A-00221-0000-00,Site Assemblage,URA Owned
0011-E-00045-0000-00,Hold for Study,URA Owned
0011-E-00046-0000-00,Hold for Study,URA Owned
0011-E-00052-0000-00,Hold for Study,URA Owned
0011-E-00052-000A-00,Hold for Study,URA Owned
0011-E-00054-0000-00,Hold for Study,URA Owned
0011-E-00056-0000-00,Disposition in Process,URA Owned
0011-E-00057-0000-00,Disposition in Process,URA Owned
0011-E-00058-0000-00,Disposition in Process,URA Owned
0011-E-00059-0000-00,Disposition in Process,URA Owned
0011-E-00060-0000-00,Disposition in Process,URA Owned
0011-E-00060-000A-00,Disposition in Process,URA Owned
0011-E-00061-0000-00,Disposition in Process,URA Owned
0011-E-00062-0000-00,Disposition in Process,URA Owned
0011-E-00063-0000-00,Disposition in Process,URA Owned
0011-E-00064-0000-00,Disposition in Process,URA Owned
0011-E-00065-0000-00,Disposition in Process,URA Owned
0011-E-00065-000A-00,Disposition in Process,URA Owned
0011-E-00066-0000-00,Disposition in Process,URA Owned
0011-E-00067-0000-00,Disposition in Process,URA Owned
0011-E-00068-0000-00,Disposition in Process,URA Owned
0011-E-00069-0000-00,Disposition in Process,URA Owned
0011-E-00070-0000-00,Disposition in Process,URA Owned
0011-E-00071-0000-00,Disposition in Process,URA Owned
0011-E-00072-0000-00,Disposition in Process,URA Owned
0011-E-00073-0000-00,Disposition in Process,URA Owned
0011-E-00297-000B-00,Exclusive Negotiations,URA Owned
0011-E-00298-0000-00,Exclusive Negotiations,URA Owned
0011-E-00298-000A-00,Exclusive Negotiations,URA Owned
0011-E-00299-0000-00,Exclusive Negotiations,URA Owned
0011-E-00300-000B-00,Exclusive Negotiations,URA Owned
0011-E-00301-0000-00,Exclusive Negotiations,URA Owned
0011-E-00305-0000-00,Exclusive Negotiations,URA Owned
0011-E-00307-0000-00,Exclusive Negotiations,URA Owned
0011-E-00308-0000-00,Exclusive Negotiations,URA Owned
0011-E-00309-0000-00,Exclusive Negotiations,URA Owned
0011-E-00310-0000-00,Exclusive Negotiations,URA Owned
0011-E-00311-0000-00,Exclusive Negotiations,URA Owned
0011-E-00312-0000-00,Exclusive Negotiations,URA Owned
0011-E-00313-0000-00,Exclusive Negotiations,URA Owned
0011-E-00314-0000-00,Exclusive Negotiations,URA Owned
0011-E-00315-0000-00,Deleted,
0011-E-00318-0000-00,Exclusive Negotiations,URA Owned
0011-E-00358-0000-00,Hold for Study,URA Owned
0011-E-00359-0000-00,Hold for Study,URA Owned
0011-E-00360-0000-00,Hold for Study,URA Owned
0011-E-00361-0000-00,Hold for Study,URA Owned
0011-R-00015-0000-00,Easement Area,URA Owned
0011-S-00030-0000-00,Easement Area,URA Owned
0011-S-00040-0000-00,To Be Dedicated,URA Owned
0011-S-00044-0000-00,Available,URA Owned
0011-S-00046-0000-00,Easement Area,URA Owned
0012-H-00230-0000-00,Disposition in Process,URA Owned
0012-M-00340-0000-00,Disposition in Process,URA Owned
0013-G-00267-0000-00,Available,URA Owned
0013-G-00271-0000-00,Available,URA Owned
0014-E-00107-0000-00,Available,URA Owned
0014-K-00177-0000-00,Hold for Study,URA Owned
0015-G-00076-0000-00,Available,URA Owned
0015-G-00236-0000-00,Available,URA Owned
0015-H-00185-0000-00,Available,URA Owned
0015-H-00186-0000-00,Available,URA Owned
0015-L-00091-0000-00,Available,URA Owned
0015-L-00092-0000-00,Available,URA Owned
0015-L-00108-0000-00,Available,URA Owned
0015-M-00050-0000-00,Available,URA Owned
0015-M-00192-0000-00,Available,URA Owned
0015-R-00082-0000-00,Available,URA Owned
0015-R-00133-0000-00,Available,URA Owned
0015-S-00061-0000-00,Available,URA Owned
0019-H-00074-0000-00,Available,URA Owned
0020-L-00178-0000-00,Available,URA Owned
0022-H-00044-0000-00,Site Assemblage,URA Owned
0022-H-00044-000A-00,Site Assemblage,URA Owned
0022-H-00048-0000-00,Site Assemblage,URA Owned
0022-L-00208-000A-00,Hold for Study,URA Owned
0022-L-00208-000B-00,Hold for Study,URA Owned
0022-L-00299-0000-00,Hold for Study,URA Owned
0022-P-00029-0000-00,Hold for Study,URA Owned
0022-P-00085-0000-00,Hold for Study,URA Owned
0022-P-00088-0000-00,Hold for Study,URA Owned
0022-P-00103-0000-00,Hold for Study,URA Owned
0022-R-00008-000A-00,Hold for Study,URA Owned
0022-R-00008-000C-00,Hold for Study,URA Owned
0022-R-00204-0000-00,Hold for Study,URA Owned
0022-R-00209-000A-00,Hold for Study,URA Owned
0024-B-00330-0000-00,Disposition in Process,URA Owned
0025-M-00243-0000-00,Available,URA Owned
0025-S-00110-0000-00,Exclusive Negotiations,URA Owned
0025-S-00178-0000-00,Available,URA Owned
0025-S-00183-0000-00,Available,URA Owned
0025-S-00198-0000-00,Available,URA Owned
0025-S-00230-0000-00,Hold for Study,URA Owned
0025-S-00231-0000-00,Hold for Study,URA Owned
0025-S-00234-0000-00,Hold for Study,URA Owned
0025-S-00249-0000-00,Hold for Study,URA Owned
0025-S-00258-0000-00,Hold for Study,URA Owned
0025-S-00259-0000-00,Hold for Study,URA Owned
0026-N-00013-0000-00,Hold from Market,URA Owned
0026-N-00014-0000-00,Hold from Market,URA Owned
0026-N-00014-000A-00,Hold from Market,URA Owned
0026-N-00015-0000-00,Hold from Market,URA Owned
0026-N-00300-0000-00,Hold for Study,URA Owned
0026-N-00316-0000-00,Hold for Study,URA Owned
0026-N-00318-0000-00,Hold for Study,URA Owned
0026-N-00319-0000-00,Hold for Study,URA Owned
0026-N-00320-0000-00,Hold for Study,URA Owned
0026-N-00321-0000-00,Hold for Study,URA Owned
0026-N-00322-0000-00,Hold for Study,URA Owned
0026-N-00323-0000-00,Hold for Study,URA Owned
0026-N-00333-0000-00,Hold for Study,URA Owned
0027-A-00084-0000-00,Hold for Study,URA Owned
0027-A-00085-0000-00,Hold for Study,URA Owned
0027-A-00086-0000-00,Hold for Study,URA Owned
0027-A-00090-0000-00,Hold for Study,URA Owned
0027-A-00115-0000-00,Hold for Study,URA Owned
0027-A-00116-0000-00,Hold for Study,URA Owned
0027-A-00117-0000-00,Hold for Study,URA Owned
0027-A-00197-0000-00,Hold for Study,URA Owned
0027-A-00198-0000-00,Hold for Study,URA Owned
0027-A-00204-0000-00,Hold for Study,URA Owned
0027-A-00207-0000-00,Hold for Study,URA Owned
0027-A-00258-0000-00,Available,URA Owned
0027-B-00366-0000-00,Available,URA Owned
0027-E-00001-0000-00,Hold for Study,URA Owned
0027-E-00004-0000-00,Hold for Study,URA Owned
0027-E-00006-0000-00,Hold for Study,URA Owned
0027-E-00009-0000-00,Hold for Study,URA Owned
0027-E-00014-0000-00,Hold for Study,URA Owned
0027-E-00015-0000-00,Hold for Study,URA Owned
0027-E-00047-0000-00,Hold for Study,URA Owned
0027-E-00048-0000-00,Hold for Study,URA Owned
0027-E-00048-000A-00,Hold for Study,URA Owned
0027-E-00049-0000-00,Hold for Study,URA Owned
0027-E-00050-0000-00,Hold for Study,URA Owned
0027-E-00051-0000-00,Hold for Study,URA Owned
0027-E-00052-0000-00,Hold for Study,URA Owned
0027-E-00053-0000-00,Hold for Study,URA Owned
0027-E-00054-0000-00,Hold for Study,URA Owned
0027-E-00055-0000-00,Hold for Study,URA Owned
0027-E-00056-0000-00,Hold for Study,URA Owned
0027-E-00057-0000-00,Hold for Study,URA Owned
0027-E-00058-0000-00,Hold for Study,URA Owned
0027-E-00069-0000-00,Hold for Study,URA Owned
0027-E-00070-0000-00,Hold for Study,URA Owned
0027-E-00071-0000-00,Hold for Study,URA Owned
0027-E-00072-0000-00,Hold for Study,URA Owned
0027-E-00074-0000-00,Hold for Study,URA Owned
0027-E-00076-0000-00,Hold for Study,URA Owned
0028-N-00320-0000-00,Easement Area,URA Owned
0028-N-00325-0000-00,Easement Area,URA Owned
0029-A-00303-0000-00,Easement Area,URA Owned
0029-A-00305-0000-00,Easement Area,URA Owned
0029-A-00306-0000-00,Easement Area,URA Owned
0029-A-00314-0000-00,To Be Dedicated,URA Owned
0029-B-00304-0000-00,Dedicated,
0029-B-00305-0000-00,Hold for Study,URA Owned
0029-B-00305-0001-00,Hold for Study,URA Owned
0029-B-00305-0002-00,Hold for Study,URA Owned
0029-B-00305-0003-00,Hold for Study,URA Owned
0029-B-00307-0000-00,Easement Area,URA Owned
0029-E-00003-0000-00,Disposition in Process,URA Owned
0029-E-00070-0000-00,Easement Area,URA Owned
0029-F-00026-0000-00,Easement Area,URA Owned
0029-F-00028-0000-00,Easement Area,URA Owned
0029-F-00030-0000-00,Easement Area,URA Owned
0029-F-00033-0000-00,Easement Area,URA Owned
0029-F-00080-0000-00,Easement Area,URA Owned
0029-F-00105-0000-00,Easement Area,URA Owned
0029-J-00105-0000-00,Disposition in Process,URA Owned
0029-J-00130-0000-00,Disposition in Process,URA Owned
0029-J-00201-0000-00,Disposition in Process,URA Owned
0029-J-00205-0000-00,Disposition in Process,URA Owned
0029-J-00227-0000-00,Easement Area,URA Owned
0030-L-00026-0000-00,To Be Dedicated,URA Owned - County Records
0041-R-00340-0000-00,Available,URA Owned
0045-M-00135-0000-00,Hold from Market,URA Owned
0045-M-00135-000A-00,Hold from Market,URA Owned
0045-M-00135-000B-00,Hold from Market,URA Owned
0046-B-00259-0000-00,Available,URA Owned
0046-B-00260-0000-00,Available,URA Owned
0046-B-00261-0000-00,Available,URA Owned
0046-J-00229-0000-00,Available,URA Owned
0049-J-00278-0000-00,Easement Area,URA Owned
0050-B-00047-0000-00,Hold for Study,URA Owned
0050-F-00127-0000-00,Site Assemblage,URA Owned
0050-F-00144-0000-00,Site Assemblage,URA Owned
0050-F-00147-0000-00,Site Assemblage,URA Owned
0050-F-00148-0000-00,Site Assemblage,URA Owned
0050-F-00275-0000-00,Site Assemblage,URA Owned
0050-F-00276-0000-00,Site Assemblage,URA Owned
0050-G-00007-0000-00,Available,URA Owned
0050-G-00008-0000-00,Available,URA Owned
0050-G-00016-0000-00,Hold for Study,URA Owned
0050-G-00076-0000-00,Hold-PLB Transfer Pending,URA Owned
0050-G-00152-0000-00,Disposition in Process,URA Owned
0050-H-00024-0000-00,Site Assemblage,URA Owned
0050-H-00025-0000-00,Site Assemblage,URA Owned
0050-H-00036-0000-00,Hold from Market,URA Owned
0050-H-00037-0000-00,Hold from Market,URA Owned
0050-H-00038-0000-00,Hold from Market,URA Owned
0050-H-00058-0000-00,Site Assemblage,URA Owned
0050-H-00214-0000-00,Site Assemblage,URA Owned
0050-H-00215-0000-00,Site Assemblage,URA Owned
0050-H-00305-0000-00,Site Assemblage,URA Owned
0050-L-00130-0000-00,Site Assemblage,URA Owned
0050-M-00019-0000-00,Site Assemblage,URA Owned
0050-M-00181-0000-00,Disposition in Process,URA Owned
0054-R-00106-0000-00,Available,URA Owned
0055-G-00136-0000-00,Available,URA Owned
0056-C-00087-0000-00,Available,URA Owned
0056-C-00088-0000-00,Available,URA Owned
0056-C-00217-0000-00,Available,URA Owned
0056-D-00183-0000-00,Available,URA Owned
0056-D-00183-000A-00,Available,URA Owned
0057-G-00255-0000-00,Available,URA Owned
0063-C-00173-0000-00,Available,URA Owned
0063-C-00175-0000-00,Available,URA Owned
0070-A-00003-0000-00,Disposition in Process,URA Owned
0070-A-00010-0000-00,Disposition in Process,URA Owned
0070-E-00074-0000-00,Hold for Study,URA Owned
0070-E-00080-0000-00,Hold for Study,URA Owned
0070-E-00081-0000-00,Hold for Study,URA Owned
0070-E-00082-0000-00,Hold for Study,URA Owned
0070-E-00088-0000-00,Hold for Study,URA Owned
0070-E-00096-0000-00,Hold for Study,URA Owned
0070-E-00098-0000-00,Hold for Study,URA Owned
0070-G-00274-0000-00,Hold for Study,URA Owned
0070-J-00002-0000-00,Hold for Study,URA Owned
0070-J-00018-0000-00,Hold for Study,URA Owned
0070-J-00030-0000-00,Hold for Study,URA Owned
0070-J-00060-0000-00,Hold for Study,URA Owned
0075-L-00270-0000-00,Disposition in Process,URA Owned
0075-L-00276-0000-00,Disposition in Process,URA Owned
0075-L-00277-0000-00,Disposition in Process,URA Owned
0083-A-00048-0000-00,Available,URA Owned
0083-E-00082-0000-00,Hold for Study,URA Owned
0083-E-00277-0000-00,Available,URA Owned
0083-E-00278-0000-00,Available,URA Owned
0083-M-00174-0000-00,Hold-PLB Transfer Pending,URA Owned
0083-R-00115-0000-00,Available,URA Owned
0083-S-00271-0000-00,Hold from Market,URA Owned
0083-S-00273-0000-00,Hold from Market,URA Owned
0083-S-00275-0000-00,Hold from Market,URA Owned
0083-S-00276-0000-00,Hold from Market,URA Owned
0083-S-00277-0000-00,Hold from Market,URA Owned
0083-S-00278-0000-00,Hold from Market,URA Owned
0083-S-00279-0000-00,Hold from Market,URA Owned
0084-E-00043-0000-00,To Be Dedicated,URA Owned
0115-D-00172-0000-00,Hold for Study,URA Owned
0115-J-00113-0000-00,Available,URA Owned
0124-G-00185-0000-00,Available,URA Owned
0124-J-00169-0000-00,Site Assemblage,URA Owned
0124-K-00022-0000-00,Site Assemblage,URA Owned
0124-K-00144-0000-00,Site Assemblage,URA Owned
0124-K-00169-000A-00,Site Assemblage,URA Owned
0124-K-00171-0000-00,Site Assemblage,URA Owned
0124-K-00192-0000-00,Site Assemblage,URA Owned
0124-K-00195-0000-00,Site Assemblage,URA Owned
0124-N-00140-0000-00,Site Assemblage,URA Owned
0124-N-00195-0000-00,Hold from Market,URA Owned
0124-N-00198-0000-00,Hold from Market,URA Owned
0124-N-00294-0000-00,Site Assemblage,URA Owned
0124-N-00363-000A-00,Site Assemblage,URA Owned
0124-P-00011-0000-00,Site Assemblage,URA Owned
0124-P-00157-0000-00,Site Assemblage,URA Owned
0124-S-00304-0000-00,Available,URA Owned
0125-A-00334-0000-00,Hold from Market,URA Owned
0125-A-00334-000A-00,Hold from Market,URA Owned
0125-A-00335-0000-00,Hold from Market,URA Owned
0125-A-00336-0000-00,Hold from Market,URA Owned
0125-A-00339-0000-00,Hold from Market,URA Owned
0125-A-00340-0000-00,Hold from Market,URA Owned
0125-A-00342-0000-00,Site Assemblage,URA Owned
0125-A-00343-0000-00,Site Assemblage,URA Owned
0125-A-00344-0000-00,Site Assemblage,URA Owned
0125-D-00075-0000-00,Available,URA Owned
0125-G-00014-0000-00,Available,URA Owned
0125-G-00015-0000-00,Available,URA Owned
0125-G-00048-0000-00,Available,URA Owned
0125-L-00024-0000-00,Site Assemblage,URA Owned
0125-L-00025-0000-00,Site Assemblage,URA Owned
0125-L-00370-0000-00,Site Assemblage,URA Owned
0125-L-00372-0000-00,Site Assemblage,URA Owned
0125-L-00374-0000-00,Site Assemblage,URA Owned
0173-N-00166-0000-00,Available,URA Owned
0173-N-00290-0000-00,Available,URA Owned
0173-N-00300-0000-00,Available,URA Owned
0173-P-00174-0000-00,Available,URA Owned
0174-B-00087-0000-00,Available,URA Owned
0174-B-00111-0000-00,Available,URA Owned
0174-B-00114-0000-00,Available,URA Owned
0174-B-00134-0000-00,Available,URA Owned
0174-B-00135-0000-00,Available,URA Owned
0174-B-00171-0000-00,Available,URA Owned
0174-B-00201-0000-00,Available,URA Owned
0174-B-00202-0000-00,Available,URA Owned
0174-B-00206-0000-00,Available,URA Owned
0174-B-00246-0000-00,Available,URA Owned
0174-B-00325-0000-00,Available,URA Owned
0174-C-00001-0000-00,Hold for Study,URA Owned
0174-C-00008-0000-00,Hold for Study,URA Owned
0174-C-00009-0000-00,Hold for Study,URA Owned
0174-C-00024-000A-00,Hold for Study,URA Owned
0174-C-00026-0000-00,Hold for Study,URA Owned
0174-C-00028-0000-00,Hold for Study,URA Owned
0174-C-00029-0000-00,Hold for Study,URA Owned
0174-C-00053-0000-00,Hold for Study,URA Owned
0174-C-00084-0000-00,Hold for Study,URA Owned
0174-C-00086-0000-00,Hold for Study,URA Owned
0174-C-00087-0000-00,Hold for Study,URA Owned
0174-C-00088-0000-00,Hold for Study,URA Owned
0174-C-00089-0000-00,Hold for Study,URA Owned
0174-C-00090-0000-00,Hold for Study,URA Owned
0174-C-00091-0000-00,Hold for Study,URA Owned
0174-C-00093-0000-00,Hold for Study,URA Owned
0174-C-00094-0000-00,Hold for Study,URA Owned
0174-C-00095-0000-00,Hold for Study,URA Owned
0174-C-00096-0000-00,Hold for Study,URA Owned
0174-C-00097-0000-00,Hold for Study,URA Owned
0174-C-00098-0000-00,Hold for Study,URA Owned
0174-C-00099-0000-00,Hold for Study,URA Owned
0174-C-00108-0000-00,Hold for Study,URA Owned
0174-C-00109-0000-00,Hold for Study,URA Owned
0174-C-00110-0000-00,Hold for Study,URA Owned
0174-C-00141-0000-00,Hold for Study,URA Owned
0174-C-00142-0000-00,Hold for Study,URA Owned
0174-C-00148-0000-00,Hold for Study,URA Owned
0174-C-00198-0000-00,Hold for Study,URA Owned
0174-E-00155-0000-00,Available,URA Owned
0174-E-00197-0000-00,Available,URA Owned
0174-F-00048-0000-00,Disposition in Process,URA Owned
0174-F-00049-0000-00,Available,URA Owned
0174-F-00050-0000-00,Available,URA Owned
0174-F-00159-0000-00,Available,URA Owned
0174-G-00041-0000-00,Available,URA Owned
0174-G-00042-0000-00,Available,URA Owned
0174-G-00043-0000-00,Available,URA Owned
0174-G-00133-0000-00,Available,URA Owned
0174-G-00148-0000-00,Available,URA Owned
0174-G-00152-0000-00,Available,URA Owned
0174-G-00161-0000-00,Available,URA Owned
0174-G-00184-0000-00,Available,URA Owned
0174-G-00189-0000-00,Available,URA Owned
0174-G-00190-0000-00,Available,URA Owned
0174-G-00196-0000-00,Available,URA Owned
0174-G-00197-0000-00,Available,URA Owned
0174-G-00198-0000-00,Available,URA Owned
0174-G-00199-0000-00,Available,URA Owned
0174-G-00200-0000-00,Available,URA Owned
0174-G-00246-0000-00,Hold for Study,URA Owned
0174-G-00247-0000-00,Hold for Study,URA Owned
0174-G-00248-0000-00,Hold for Study,URA Owned
0174-G-00269-0000-00,Hold for Study,URA Owned
0174-G-00271-0000-00,Hold for Study,URA Owned
0174-G-00273-0000-00,Hold for Study,URA Owned
0174-G-00274-0000-00,Hold for Study,URA Owned
0174-G-00275-0000-00,Hold for Study,URA Owned
0174-G-00309-0000-00,Hold for Study,URA Owned
0174-G-00324-0000-00,Hold for Study,URA Owned
0174-G-00326-0000-00,Hold for Study,URA Owned
0174-G-00327-0000-00,Hold for Study,URA Owned
0174-G-00334-0000-00,Hold for Study,URA Owned
0174-G-00335-0000-00,Hold for Study,URA Owned
0174-G-00336-0000-00,Hold for Study,URA Owned
0174-G-00338-0000-00,Hold for Study,URA Owned
0174-K-00106-0000-00,Available,URA Owned
0174-K-00108-0000-00,Available,URA Owned
0174-K-00141-0000-00,Hold for Study,URA Owned
0174-K-00142-0000-00,Hold for Study,URA Owned
0174-K-00144-0000-00,Hold for Study,URA Owned
0174-K-00336-0000-00,Hold for Study,URA Owned
0174-L-00042-0000-00,Available,URA Owned
0174-L-00043-0000-00,Available,URA Owned
0174-L-00054-0000-00,Hold for Study,URA Owned
0174-L-00058-0000-00,Hold for Study,URA Owned
0174-L-00301-0000-00,Available,URA Owned
0174-L-00303-0000-00,Available,URA Owned
0174-L-00371-0000-00,Available,URA Owned
0174-L-00372-0000-00,Available,URA Owned
0174-M-00245-0000-00,Available,URA Owned
0174-M-00254-0000-00,Available,URA Owned
0174-M-00255-0000-00,Available,URA Owned
0174-M-00256-0000-00,Available,URA Owned
0174-M-00376-0000-00,Hold for Study,URA Owned
0174-P-00142-0000-00,Hold for Study,URA Owned
0174-P-00369-0000-00,Hold for Study,URA Owned
0175-C-00308-0000-00,Disposition in Process,URA Owned
0175-C-00330-0000-00,Hold from Market,URA Owned
0175-D-00115-0000-00,Available,URA Owned
0175-D-00141-0000-00,Available,URA Owned
0175-D-00309-0000-00,Available,URA Owned
0175-H-00192-0000-00,Available,URA Owned
0175-H-00248-0000-00,Available,URA Owned
0231-F-00194-0000-00,Available,URA Owned
0231-J-00011-0000-00,Available,URA Owned
0231-J-00074-0000-00,Available,URA Owned
0231-K-00144-0000-00,Available,URA Owned
0231-K-00196-0000-00,Available,URA Owned
0231-K-00203-0000-00,Available,URA Owned
0231-N-00134-0000-00,Available,URA Owned
0231-P-00083-0000-00,Available,URA Owned
0232-A-00022-0000-00,Available,URA Owned
0232-E-00065-0000-00,Sold,Privately Owned
0023-D-00106-0000-00,Available,URA Owned
0056-R-00319-0000-00,Available,URA Owned
0057-C-00113-0000-00,Available,URA Owned
0057-G-00225-0000-00,Available,URA Owned
0057-G-00237-0000-00,Available,URA Owned
0057-G-00254-0000-00,Available,URA Owned
0013-B-00020-0000-00,Available,URA Owned
0013-B-00021-0000-00,Available,URA Owned
0022-C-00100-0000-00,Site Assemblage,URA Owned
0022-C-00101-0000-00,Site Assemblage,URA Owned
0022-C-00103-0000-00,Site Assemblage,URA Owned
0022-E-00242-0000-00,Hold for Study,URA Owned
0022-E-00249-0000-00,Hold for Study,URA Owned
0022-E-00255-0000-00,Hold for Study,URA Owned
0022-E-00256-0000-00,Hold for Study,URA Owned
0022-E-00267-0000-00,Hold for Study,URA Owned
0022-E-00268-0000-00,Hold for Study,URA Owned
0022-F-00021-0000-00,Hold for Study,URA Owned
0022-F-00022-0000-00,Hold for Study,URA Owned
0022-F-00023-0000-00,Hold for Study,URA Owned
0022-F-00024-0000-00,Hold for Study,URA Owned
0022-F-00025-0000-00,Hold for Study,URA Owned
0022-F-00026-0000-00,Hold for Study,URA Owned
0022-F-00028-0000-00,Hold for Study,URA Owned
0022-F-00029-000C-00,Hold for Study,URA Owned
0022-F-00033-0000-00,Hold for Study,URA Owned
0022-F-00034-0000-00,Hold for Study,URA Owned
0022-F-00034-000A-00,Hold for Study,URA Owned
0022-F-00034-000B-00,Hold for Study,URA Owned
0022-F-00035-0000-00,Hold for Study,URA Owned
0022-F-00035-000A-00,Hold for Study,URA Owned
0022-F-00036-0000-00,Hold for Study,URA Owned
0022-F-00037-0000-00,Hold for Study,URA Owned
0022-F-00039-0000-00,Hold for Study,URA Owned
0022-F-00040-0000-00,Hold for Study,URA Owned
0022-F-00041-0000-00,Hold for Study,URA Owned
0022-F-00041-000A-00,Hold for Study,URA Owned
0022-F-00041-000B-00,Hold for Study,URA Owned
0022-F-00064-0000-00,Hold for Study,URA Owned
0022-F-00079-0000-00,Hold for Study,URA Owned
0022-F-00114-0000-00,Hold for Study,URA Owned
0022-F-00118-0000-01,Hold for Study,URA Owned
0022-F-00121-0000-00,Hold for Study,URA Owned
0022-F-00122-0000-00,Hold for Study,URA Owned
0022-F-00236-0000-00,Hold for Study,URA Owned
0022-F-00267-000A-00,Hold for Study,URA Owned
0022-F-00283-000A-00,Hold for Study,URA Owned
0022-H-00001-0000-00,Site Assemblage,URA Owned
0022-H-00006-0000-00,Hold from Market,URA Owned
0022-H-00007-0000-00,Hold from Market,URA Owned
0022-H-00009-0000-00,Hold from Market,URA Owned
0022-H-00011-0000-00,Hold from Market,URA Owned
0022-H-00012-0000-00,Hold from Market,URA Owned
0022-H-00013-0000-00,Hold from Market,URA Owned
0022-H-00014-0000-00,Hold from Market,URA Owned
0022-H-00015-0000-00,Hold from Market,URA Owned
0022-H-00016-0000-00,Hold from Market,URA Owned
0022-H-00017-0000-00,Hold from Market,URA Owned
0022-H-00018-0000-00,Hold from Market,URA Owned
0022-H-00019-0000-00,Hold from Market,URA Owned
0022-H-00021-0000-00,Hold from Market,URA Owned
0022-H-00187-0000-00,Site Assemblage,URA Owned
0022-J-00299-0000-00,Hold for Study,URA Owned
0022-J-00300-0000-00,Hold for Study,URA Owned
0022-J-00302-0000-00,Hold for Study,URA Owned
0022-K-00022-0000-00,Hold for Study,URA Owned
0022-K-00037-0000-00,Hold for Study,URA Owned
0022-K-00066-0000-00,Hold for Study,URA Owned
0022-K-00072-0000-00,Hold for Study,URA Owned
0022-K-00073-0000-00,Hold for Study,URA Owned
0022-K-00074-0000-00,Hold for Study,URA Owned
0022-K-00134-0000-00,Hold for Study,URA Owned
0022-L-00027-000A-00,Hold for Study,URA Owned
0022-L-00090-0000-00,Hold for Study,URA Owned
0022-L-00091-0000-00,Hold for Study,URA Owned
0022-L-00091-000A-00,Hold for Study,URA Owned
0022-L-00092-0000-00,Hold for Study,URA Owned
0022-L-00096-0000-00,Hold for Study,URA Owned
0022-L-00133-0000-00,Hold for Study,URA Owned
0022-L-00136-0000-00,Hold for Study,URA Owned
0022-L-00187-0000-00,Hold for Study,URA Owned
0023-E-00024-0000-00,Available,URA Owned
0023-F-00196-0000-00,Available,URA Owned
0023-F-00197-000A-00,Available,URA Owned
0023-F-00198-0000-00,Hold for Study,URA Owned
0023-F-00199-0000-00,Hold for Study,URA Owned
0023-F-00301-0000-00,Hold-PLB Transfer Pending,URA Owned
0023-F-00336-0000-00,Hold-PLB Transfer Pending,URA Owned
0023-F-00414-0000-00,Available,URA Owned
0025-A-00002-0000-00,Disposition in Process,URA Owned
0025-A-00175-0000-00,Easement Area,URA Owned
0048-F-00385-0000-00,To Be Dedicated,URA Owned
0048-P-00350-0000-00,To Be Dedicated,URA Owned
0056-J-00060-0000-00,Site Assemblage,URA Owned
0056-N-00161-0000-00,Site Assemblage,URA Owned
0056-N-00162-0000-00,Site Assemblage,URA Owned
0056-N-00163-0000-00,Site Assemblage,URA Owned
0056-N-00168-0000-00,Site Assemblage,URA Owned
0056-N-00169-0000-00,Site Assemblage,URA Owned
0056-N-00170-0000-00,Site Assemblage,URA Owned
0056-N-00171-0000-00,Site Assemblage,URA Owned
0056-N-00174-0000-00,Site Assemblage,URA Owned
0056-N-00175-0000-00,Site Assemblage,URA Owned
0056-N-00188-0000-00,Site Assemblage,URA Owned
0056-N-00189-0000-00,Site Assemblage,URA Owned
0056-N-00190-0000-00,Site Assemblage,URA Owned
0080-P-00038-0000-00,Hold for Study,URA Owned
0174-N-00263-0000-00,Hold for Study,URA Owned
0174-N-00298-0000-00,Exclusive Negotiations,URA Owned
0174-P-00097-0000-00,Hold for Study,URA Owned
0175-A-00041-0000-00,Hold for Study,URA Owned
0175-B-00147-0000-00,Hold for Study,URA Owned
0022-M-00045-0000-00,Available,URA Owned
0173-P-00173-0000-00,Available,URA Owned
0174-N-00271-0000-00,Site Assemblage,URA Owned
0083-P-00230-0000-00,Hold for Study,URA Owned
0010-L-00063-0000-00,RFP/RFQ Issued,URA Owned
0124-P-00176-0000-00,Acquired,URA Owned
0124-P-00145-0000-00,Acquired,URA Owned
0124-P-00144-0000-00,Acquired,URA Owned
0124-P-00041-0000-00,Acquired,URA Owned
0124-P-00062-0000-00,Acquired,URA Owned
0010-J-00150-0000-00,Hold for Study,URA Owned
0010-K-00097-0000-00,Hold for Study,URA Owned
0010-K-00100-0000-00,Hold for Study,URA Owned
0010-K-00101-0000-00,Hold for Study,URA Owned
0010-K-00104-0000-00,Hold for Study,URA Owned
0010-K-00115-0000-00,Hold for Study,URA Owned
0010-K-00116-0000-00,Hold for Study,URA Owned
0084-L-00283-0000-00,Exclusive Negotiations,URA Owned
0011-A-00284-0000-00,Hold for Study,URA Owned
0009-S-00187-0000-00,Disposition in Process,URA Owned
0056-F-00085-000A-00,Hold from Market,URA Owned
0015-S-00014-0000-00,Hold for Study,URA Owned
0034-D-00014-0000-00,Hold for Study,URA Owned
0015-S-00026-0000-00,Hold for Study,URA Owned
0026-N-00052-0000-00,Hold for Study,URA Owned
0026-N-00054-0000-00,Hold for Study,URA Owned
0015-S-00170-0000-00,Hold for Study,URA Owned
0015-S-00175-0000-00,Hold for Study,URA Owned
0015-S-00189-0000-00,Hold for Study,URA Owned
0015-S-00192-0000-00,Hold for Study,URA Owned
0015-S-00196-0000-00,Hold for Study,URA Owned
0015-S-00199-0000-00,Hold for Study,URA Owned
0050-M-00180-0000-00,Disposition in Process,URA Owned
0027-B-00019-0000-00,Hold-PLB Transfer Pending,URA Owned
0027-B-00018-0000-00,Hold-PLB Transfer Pending,URA Owned
0125-H-00225-0000-00,Acquired,URA Owned
0125-H-00233-0000-00,Acquired,URA Owned
0125-H-00234-0000-00,Acquired,URA Owned
0174-P-00301-0000-00,Acquired,URA Owned
0174-P-00302-0000-00,Acquired,URA Owned
0174-P-00303-0000-00,Acquired,URA Owned
0174-P-00305-0000-00,Acquired,URA Owned
0174-P-00315-0000-00,Acquired,URA Owned
0174-P-00316-0000-00,Acquired,URA Owned
0174-P-00317-0000-00,Acquired,URA Owned
0174-P-00304-0000-00,Acquired,URA Owned
0010-H-00060-0000-00,Hold for Study,URA Owned
0031-G-00200-0000-00,Disposition in Process,URA Owned
0031-G-00200-0001-00,Hold for Study,URA Owned
0031-J-00044-0000-00,Hold for Study,URA Owned
0031-J-00075-0000-00,Hold for Study,URA Owned
0031-K-00002-0000-00,Hold for Study,URA Owned
0031-K-00025-0000-00,Hold for Study,URA Owned
0031-K-00035-0000-00,Hold for Study,URA Owned
0031-K-00055-0000-00,Hold for Study,URA Owned
0032-H-00100-0000-00,Disposition in Process,URA Owned
0083-P-00237-0000-00,Hold for Study,URA Owned
0083-P-00148-0000-00,Hold for Study,URA Owned
0070-E-00185-0000-00,Disposition in Process,URA Owned
0070-E-00241-0000-00,Sold,Privately Owned
0125-S-00022-0000-00,Site Assemblage,URA Owned
0125-S-00027-0000-00,Available,URA Owned
0125-S-00028-0000-00,Site Assemblage,URA Owned
0125-S-00035-0000-00,Site Assemblage,URA Owned
0027-B-00053-0000-00,Sold - Redevelopment in Progress,PHDC Owned
0027-B-00054-0000-00,Sold - Redevelopment in Progress,PHDC Owned
0094-N-00037-0000-00,Acquired,URA Owned
0056-F-00096-0000-00,Exclusive Negotiations,URA Owned
0011-A-00216-0000-00,Site Assemblage,URA Owned
0026-P-00185-0000-00,Site Assemblage,URA Owned
0027-B-00318-0000-00,Hold-PHDC Transfer Pending,URA Owned
0027-B-00319-0000-00,Hold-PHDC Transfer Pending,URA Owned
0027-B-00095-000A-00,Site Assemblage,URA Owned
0027-B-00096-0000-00,Acquired,URA Owned
0029-B-00315-0000-00,Available,URA Owned
0083-P-00167-0000-00,To Be Dedicated,URA Owned
0004-L-00133-0000-00,Hold-PLB Transfer Pending,URA Owned
0003-P-00186-0000-00,Disposition in Process,URA Owned
0014-B-00223-000A-00,Disposition in Process,URA Owned
0027-A-00126-0000-00,Disposition in Process,URA Owned
0026-N-00053-0000-00,Hold for Study,URA Owned
0011-A-00222-0000-01,Hold for Study,URA Owned
0027-A-00125-0000-00,Disposition in Process,URA Owned
0124-P-00026-0000-00,Disposition in Process,URA Owned
0124-P-00024-0000-00,Site Assemblage,URA Owned
0124-N-00053-0000-00,Acquired,URA Owned
0050-M-00005-0000-00,Disposition in Process,URA Owned
0050-M-00004-0000-00,Disposition in Process,URA Owned
0050-M-00001-0000-00,Disposition in Process,URA Owned
0050-H-00011-0000-00,Disposition in Process,URA Owned
0050-M-00044-0000-00,Disposition in Process,URA Owned
0011-J-00095-0000-00,Disposition in Process,URA Owned
0011-J-00096-0000-00,Disposition in Process,URA Owned
0011-J-00101-0000-00,Disposition in Process,URA Owned
0124-K-00059-0000-00,Site Assemblage,URA Owned
0124-K-00060-0000-00,Acquired,URA Owned
0124-J-00196-0000-00,Acquired,URA Owned
0124-J-00151-0000-00,Hold for Study,URA Owned
0011-E-00300-000A-00,Exclusive Negotiations,URA Owned
0010-G-00019-0000-00,Hold for Study,URA Owned
0010-D-00340-0000-00,Hold for Study,URA Owned
0010-H-00310-0000-00,Hold for Study,URA Owned
0002-C-00298-0000-00,Disposition in Process,URA Owned
0002-C-00301-0000-00,Disposition in Process,URA Owned
0002-C-00303-0000-00,Disposition in Process,URA Owned
0002-C-00305-0000-00,Disposition in Process,URA Owned
0002-D-00035-0000-00,Available,URA Owned
0022-K-00069-0000-02,Acquired,URA Owned
0012-A-00245-0000-00,Disposition in Process,URA Owned
0022-F-00156-0000-00,Hold for Study,URA Owned
0027-A-00177-0000-00,Hold for Study,URA Owned
0027-A-00195-0000-00,Hold for Study,URA Owned
0027-A-00196-0000-00,Hold for Study,URA Owned
0027-A-00199-0000-00,Hold for Study,URA Owned
0027-A-00202-0000-00,Hold for Study,URA Owned
0027-B-00166-0000-00,Acquired,URA Owned
0124-R-00112-0000-00,Acquired,URA Owned
0010-N-00375-0000-00,Deleted,
0002-P-00302-0000-00,Hold for Study,URA Owned
0056-G-00208-0000-00,Hold for Study,URA Owned
0003-P-00277-0000-00,Disposition in Process,URA Owned
0014-B-00015-0000-00,Disposition in Process,URA Owned
0015-R-00231-0000-00,Hold for Study,URA Owned
0015-R-00268-0000-00,Hold for Study,URA Owned
0015-S-00197-0000-00,Hold for Study,URA Owned
0015-S-00198-0000-00,Hold for Study,URA Owned
0124-P-00011-000A-00,Site Assemblage,URA Owned
0011-A-00217-000A-00,Site Assemblage,URA Owned
0125-M-00324-0000-00,Acquired,URA Owned
0124-N-00365-0000-00,Acquired,URA Owned
0174-K-00174-0000-00,RFP/RFQ Issued,URA Owned
0012-H-00265-0002-00,Disposition in Process,URA Owned
0124-J-00240-0000-00,Acquired,URA Owned
0124-J-00240-000A-00,Acquired,URA Owned
0124-J-00241-0000-00,Acquired,URA Owned
0010-N-00288-0000-00,Hold for Study,Privately Owned
0124-N-00368-0000-00,Acquired,URA Owned
0124-N-00351-0000-00,Acquired,URA Owned
0011-E-00032-0000-00,Acquired,URA Owned
0011-E-00033-0000-00,Acquired,URA Owned
0174-J-00094-0000-00,Acquired,URA Owned
0124-E-00307-0000-00,Acquired,URA Owned
0174-J-00093-0000-00,Acquired,URA Owned
0014-E-00159-0000-00,Acquired,URA Owned
0014-E-00163-0000-00,Acquired,URA Owned
0014-E-00164-0000-00,Acquired,URA Owned
0014-E-00165-0000-00,Acquired,URA Owned
0014-E-00167-0000-00,Acquired,URA Owned
0014-E-00160-0000-00,Acquired,URA Owned
0027-A-00043-0001-00,Hold for Study,URA Owned - County Records
0106-H-00397-0000-00,Hold for Study,URA Owned - County Records
0012-A-00130-0000-00,Disposition in Process,URA Owned
0106-D-00051-0000-00,Hold for Study,URA Owned - County Records
0002-B-00104-0000-00,Deleted,
0002-B-00118-0000-00,To Be Dedicated,URA Owned - County Records
0002-B-00119-0000-00,To Be Dedicated,URA Owned - County Records
0083-M-00083-0000-00,To Be Dedicated,URA Owned - County Records
0083-M-00084-0000-00,To Be Dedicated,URA Owned - County Records
0026-N-00014-000B-00,Hold from Market,URA Owned
0010-N-00344-0000-00,RFP/RFQ Issued,URA Owned
0012-H-00268-0000-00,Easement Area,URA Owned
0012-H-00266-0000-00,Hold for Study,URA Owned
0032-S-00100-0000-00,Hold For Study,URA Owned
0088-R-00121-0000-00,Site Assemblage,URA Owned
0026-K-00233-0000-00,Hold for Study,URA Owned
0002-H-00150-0000-00,Hold for Study,URA Owned
0011-A-00044-0000-00,Exclusive Negotiations,URA Owned
0001-M-00150-0000-00,Acquired,HACP Owned
0084-B-00500-0000-01,Exclusive Negotiations,URA Owned
0084-B-00500-0000-02,Exclusive Negotiations,URA Owned
0083-F-00141-0000-00,Hold for Study,URA Owned
0015-H-00156-0000-00,Acquired,URA Owned - County Records
0029-N-00507-0000-00,To Be Dedicated,URA Owned
0029-N-00508-0000-00,To Be Dedicated,URA Owned
0029-J-00150-0000-00,To Be Dedicated,URA Owned
0029-J-00145-0000-00,To Be Dedicated,URA Owned
0012-M-00324-0000-00,To Be Dedicated,URA Owned
0012-H-00262-0000-00,To Be Dedicated,URA Owned
0012-H-00260-0000-00,Disposition in Process,URA Owned
0012-H-00264-0000-00,To Be Dedicated,URA Owned
0029-E-00006-0000-00,To Be Dedicated,URA Owned
0084-B-00260-0000-00,Exclusive Negotiations,URA Owned
0174-B-00500-0000-00,Hold for Study,URA Owned
0007-M-00064-0000-00,To Be Dedicated,URA Owned - County Records
0023-P-00500-0000-02,To Be Dedicated,URA Owned - County Records
0027-A-00116-000A-00,Hold for Study,URA Owned - County Records
0008-B-00500-0000-00,To Be Dedicated,URA Owned - County Records
0084-M-00222-0000-00,To Be Dedicated,URA Owned - County Records
0009-R-00099-0000-00,To Be Dedicated,URA Owned - County Records
0007-B-00501-0000-00,Disposition in Process,URA Owned - County Records
0083-S-00069-0000-00,To Be Dedicated,URA Owned - County Records
0083-S-00083-0000-00,To Be Dedicated,URA Owned - County Records
0083-S-00084-0000-00,To Be Dedicated,URA Owned - County Records
0083-S-00087-0000-00,To Be Dedicated,URA Owned - County Records
0083-S-00215-0000-00,To Be Dedicated,URA Owned - County Records
0083-S-00252-0000-00,To Be Dedicated,URA Owned - County Records
0083-S-00500-0000-01,To Be Dedicated,URA Owned - County Records
0024-N-00274-0000-00,Deleted,
0041-H-00500-0000-00,To Be Dedicated,URA Owned - County Records
0009-S-00181-000A-00,To Be Dedicated,URA Owned - County Records
0024-J-00003-0000-00,To Be Dedicated,URA Owned - County Records
0002-B-00130-0000-00,To Be Dedicated,URA Owned - County Records
0002-B-00132-0000-00,To Be Dedicated,URA Owned - County Records
0002-B-00133-0000-00,To Be Dedicated,URA Owned - County Records
0002-B-00134-0000-00,To Be Dedicated,URA Owned - County Records
0002-B-00135-0000-00,To Be Dedicated,URA Owned - County Records
0002-B-00136-0000-00,To Be Dedicated,URA Owned - County Records
0002-B-00137-0000-00,To Be Dedicated,URA Owned - County Records
0002-B-00138-0000-00,To Be Dedicated,URA Owned - County Records
0002-B-00139-0000-00,To Be Dedicated,URA Owned - County Records
0002-B-00142-0000-00,To Be Dedicated,URA Owned - County Records
0002-B-00144-0000-00,To Be Dedicated,URA Owned - County Records
0002-B-00149-0000-00,To Be Dedicated,URA Owned - County Records
0002-B-00152-0000-00,To Be Dedicated,URA Owned - County Records
0002-B-00153-0000-00,To Be Dedicated,URA Owned - County Records
0002-B-00154-0000-00,To Be Dedicated,URA Owned - County Records
0002-B-00155-0000-00,To Be Dedicated,URA Owned - County Records
0002-B-00156-0000-00,To Be Dedicated,URA Owned - County Records
0002-B-00157-0000-00,To Be Dedicated,URA Owned - County Records
0002-B-00158-0000-00,To Be Dedicated,URA Owned - County Records
0002-B-00159-0000-00,To Be Dedicated,URA Owned - County Records
0002-B-00166-0000-00,To Be Dedicated,URA Owned - County Records
0002-B-00168-0000-00,To Be Dedicated,URA Owned - County Records
0002-B-00169-0000-00,To Be Dedicated,URA Owned - County Records
0002-B-00170-0000-00,To Be Dedicated,URA Owned - County Records
0002-B-00173-0000-00,To Be Dedicated,URA Owned - County Records
0002-B-00175-0000-00,To Be Dedicated,URA Owned - County Records
0002-B-00181-0000-00,To Be Dedicated,URA Owned - County Records
0002-B-00186-0000-00,To Be Dedicated,URA Owned - County Records
0002-B-00188-0000-00,To Be Dedicated,URA Owned - County Records
0002-B-00189-0000-00,To Be Dedicated,URA Owned - County Records
0002-B-00190-0000-00,To Be Dedicated,URA Owned - County Records
0002-B-00190-000A-00,To Be Dedicated,URA Owned - County Records
0002-B-00192-000A-00,To Be Dedicated,URA Owned - County Records
0002-B-00192-000B-00,To Be Dedicated,URA Owned - County Records
0002-B-00193-0000-00,To Be Dedicated,URA Owned - County Records
0002-B-00194-0000-00,To Be Dedicated,URA Owned - County Records
0002-B-00198-0000-00,To Be Dedicated,URA Owned - County Records
0002-B-00199-0000-00,To Be Dedicated,URA Owned - County Records
0002-B-00201-0000-00,To Be Dedicated,URA Owned - County Records
0002-B-00203-0000-00,To Be Dedicated,URA Owned - County Records
0002-B-00204-0000-00,To Be Dedicated,URA Owned - County Records
0002-B-00205-0000-00,To Be Dedicated,URA Owned - County Records
0002-B-00206-0000-00,To Be Dedicated,URA Owned - County Records
0002-B-00207-0000-00,To Be Dedicated,URA Owned - County Records
0002-B-00208-0000-00,To Be Dedicated,URA Owned - County Records
0002-B-00209-0000-00,To Be Dedicated,URA Owned - County Records
0002-B-00210-0000-00,To Be Dedicated,URA Owned - County Records
0002-B-00213-0000-00,To Be Dedicated,URA Owned - County Records
0002-B-00218-0000-00,To Be Dedicated,URA Owned - County Records
0002-B-00219-0000-00,To Be Dedicated,URA Owned - County Records
0002-B-00220-0000-00,To Be Dedicated,URA Owned - County Records
0002-B-00221-0000-00,To Be Dedicated,URA Owned - County Records
0002-B-00222-0000-00,To Be Dedicated,URA Owned - County Records
0002-B-00223-0000-00,To Be Dedicated,URA Owned - County Records
0002-B-00224-0000-00,To Be Dedicated,URA Owned - County Records
0002-B-00225-0000-00,To Be Dedicated,URA Owned - County Records
0002-B-00228-0000-00,To Be Dedicated,URA Owned - County Records
0002-B-00229-0000-00,To Be Dedicated,URA Owned - County Records
0002-B-00230-0000-00,To Be Dedicated,URA Owned - County Records
0002-B-00231-0000-00,To Be Dedicated,URA Owned - County Records
0002-B-00232-0000-00,To Be Dedicated,URA Owned - County Records
0002-B-00233-0000-00,To Be Dedicated,URA Owned - County Records
0002-B-00234-0000-00,To Be Dedicated,URA Owned - County Records
0002-B-00235-0000-00,To Be Dedicated,URA Owned - County Records
0002-B-00236-0000-00,To Be Dedicated,URA Owned - County Records
0002-B-00237-0000-00,To Be Dedicated,URA Owned - County Records
0002-B-00238-0000-00,To Be Dedicated,URA Owned - County Records
0002-B-00250-0000-00,To Be Dedicated,URA Owned - County Records
0002-B-00252-0000-00,To Be Dedicated,URA Owned - County Records
0002-B-00255-0000-00,To Be Dedicated,URA Owned - County Records
0002-F-00154-0000-00,To Be Dedicated,URA Owned - County Records
0002-F-00155-0000-00,To Be Dedicated,URA Owned - County Records
0002-F-00156-0000-00,To Be Dedicated,URA Owned - County Records
0002-F-00158-0000-00,To Be Dedicated,URA Owned - County Records
0009-P-00116-0000-00,To Be Dedicated,URA Owned - County Records
0009-P-00118-0000-00,To Be Dedicated,URA Owned - County Records
0009-P-00119-0000-00,To Be Dedicated,URA Owned - County Records
0009-P-00121-0000-00,To Be Dedicated,URA Owned - County Records
0009-P-00124-0000-00,To Be Dedicated,URA Owned - County Records
0083-S-00500-0000-00,To Be Dedicated,URA Owned - County Records
0002-B-00101-0000-00,Deleted,
0084-M-00220-0000-00,To Be Dedicated,URA Owned - County Records
0023-G-00023-0000-00,To Be Dedicated,URA Owned - County Records
0024-P-00041-0000-00,To Be Dedicated,URA Owned - County Records
0024-P-00043-0000-00,To Be Dedicated,URA Owned - County Records
0007-B-00012-0000-00,To Be Dedicated,URA Owned - County Records
0007-B-00014-0000-00,To Be Dedicated,URA Owned - County Records
0007-B-00015-0000-00,To Be Dedicated,URA Owned - County Records
0007-B-00016-0000-00,To Be Dedicated,URA Owned - County Records
0007-B-00506-0000-00,To Be Dedicated,URA Owned - County Records
0007-H-00086-0000-00,To Be Dedicated,URA Owned - County Records
0007-H-00087-0000-00,To Be Dedicated,URA Owned - County Records
0007-H-00087-000A-00,To Be Dedicated,URA Owned - County Records
0007-H-00088-0000-00,To Be Dedicated,URA Owned - County Records
0007-H-00088-000A-00,To Be Dedicated,URA Owned - County Records
0007-H-00089-0000-00,To Be Dedicated,URA Owned - County Records
0007-H-00092-0000-00,To Be Dedicated,URA Owned - County Records
0007-H-00094-0000-00,To Be Dedicated,URA Owned - County Records
0007-H-00096-0000-00,To Be Dedicated,URA Owned - County Records
0022-A-00501-0000-00,To Be Dedicated,URA Owned - County Records
0022-A-00502-0000-00,To Be Dedicated,URA Owned - County Records
0022-A-00503-0000-00,To Be Dedicated,URA Owned - County Records
0022-E-00169-0000-00,To Be Dedicated,URA Owned - County Records
0022-E-00170-0000-00,To Be Dedicated,URA Owned - County Records
0022-E-00171-0000-00,To Be Dedicated,URA Owned - County Records
0022-E-00172-0000-00,To Be Dedicated,URA Owned - County Records
0022-E-00173-0000-00,To Be Dedicated,URA Owned - County Records
0022-E-00506-0000-00,To Be Dedicated,URA Owned - County Records
0022-E-00507-0000-00,To Be Dedicated,URA Owned - County Records
0022-E-00508-0000-00,To Be Dedicated,URA Owned - County Records
0022-E-00509-0000-00,To Be Dedicated,URA Owned - County Records
0022-E-00510-0000-00,To Be Dedicated,URA Owned - County Records
0022-E-00511-0000-00,To Be Dedicated,URA Owned - County Records
0022-J-00503-0000-00,To Be Dedicated,URA Owned - County Records
0022-J-00504-0000-00,To Be Dedicated,URA Owned - County Records
0022-J-00508-0000-00,To Be Dedicated,URA Owned - County Records
0022-J-00509-0000-00,To Be Dedicated,URA Owned - County Records
0022-N-00503-0000-00,To Be Dedicated,URA Owned - County Records
0022-N-00504-0000-00,To Be Dedicated,URA Owned - County Records
0022-N-00505-0000-00,To Be Dedicated,URA Owned - County Records
0022-N-00508-0000-00,To Be Dedicated,URA Owned - County Records
0022-P-00208-0000-00,To Be Dedicated,URA Owned - County Records
0022-P-00213-0000-00,To Be Dedicated,URA Owned - County Records
0022-P-00214-0000-00,To Be Dedicated,URA Owned - County Records
0022-P-00215-0000-00,To Be Dedicated,URA Owned - County Records
0022-P-00215-000A-00,To Be Dedicated,URA Owned - County Records
0022-P-00216-0000-00,To Be Dedicated,URA Owned - County Records
0022-P-00218-0000-00,To Be Dedicated,URA Owned - County Records
0022-P-00219-0000-00,To Be Dedicated,URA Owned - County Records
0022-P-00219-000A-00,To Be Dedicated,URA Owned - County Records
0022-P-00220-0000-00,To Be Dedicated,URA Owned - County Records
0022-P-00220-000A-00,To Be Dedicated,URA Owned - County Records
0022-P-00221-0000-00,To Be Dedicated,URA Owned - County Records
0022-P-00221-000A-00,To Be Dedicated,URA Owned - County Records
0022-P-00222-0000-00,To Be Dedicated,URA Owned - County Records
0022-P-00223-0000-00,To Be Dedicated,URA Owned - County Records
0022-P-00224-0000-00,To Be Dedicated,URA Owned - County Records
0022-P-00225-0000-00,To Be Dedicated,URA Owned - County Records
0022-P-00225-000A-00,To Be Dedicated,URA Owned - County Records
0022-P-00226-0000-00,To Be Dedicated,URA Owned - County Records
0022-P-00228-0000-00,To Be Dedicated,URA Owned - County Records
0022-P-00229-0000-00,To Be Dedicated,URA Owned - County Records
0022-P-00230-0000-00,To Be Dedicated,URA Owned - County Records
0022-E-00512-0000-00,To Be Dedicated,URA Owned - County Records
0022-E-00513-0000-00,To Be Dedicated,URA Owned - County Records
0022-J-00506-0000-00,To Be Dedicated,URA Owned - County Records
0022-J-00507-0000-00,To Be Dedicated,URA Owned - County Records
0022-N-00509-0000-00,To Be Dedicated,URA Owned - County Records
0022-N-00510-0000-00,To Be Dedicated,URA Owned - County Records
0022-N-00511-0000-00,To Be Dedicated,URA Owned - County Records
0022-N-00512-0000-00,To Be Dedicated,URA Owned - County Records
0022-E-00240-0000-00,To Be Dedicated,URA Owned - County Records
0083-R-00240-0000-00,Hold for Study,URA Owned - County Records
0022-G-00234-0001-00,Hold for Study,URA Owned - County Records
0009-S-00220-0000-00,Hold for Study,URA Owned - County Records
0022-M-00500-0000-00,To Be Dedicated,URA Owned - County Records
0083-S-00193-0000-00,To Be Dedicated,URA Owned - County Records
0002-B-00121-0000-00,To Be Dedicated,URA Owned - County Records
0002-B-00123-0000-00,To Be Dedicated,URA Owned - County Records
0002-B-00126-0000-00,To Be Dedicated,URA Owned - County Records
0021-D-00042-000A-00,Hold for Study,URA Owned - County Records
0027-A-00124-0000-00,Hold for Study,URA Owned
0010-L-00099-0000-00,Hold for Study,URA Owned
0010-L-00100-0000-00,Hold for Study,URA Owned
0045-M-00136-0000-00,Hold from Market,URA Owned - County Records
0050-B-00283-0001-00,Hold for Study,URA Owned - County Records
0050-B-00501-0000-00,Hold for Study,URA Owned - County Records
0005-C-00137-0000-00,Hold for Study,URA Owned - County Records
0007-A-00046-0000-00,To Be Dedicated,URA Owned - County Records
0071-A-00090-0000-00,Hold for Study,URA Owned - County Records
0231-J-00207-0000-00,Hold for Study,URA Owned - County Records
0096-G-00101-0000-00,Hold for Study,URA Owned - County Records
0096-G-00121-0000-00,Hold for Study,URA Owned - County Records
0096-H-00267-0000-00,Hold for Study,URA Owned - County Records
0096-L-00086-0000-00,Hold for Study,URA Owned - County Records
0096-M-00026-0000-00,Hold for Study,URA Owned - County Records
0096-M-00065-0000-00,Hold for Study,URA Owned - County Records
0115-F-00250-0001-00,Hold for Study,URA Owned - County Records
0173-P-00131-0000-00,Hold for Study,URA Owned - County Records
0041-R-00400-0000-00,Hold for Study,URA Owned - County Records
0026-C-00019-0000-00,Hold for Study,URA Owned - County Records
0174-B-00500-0000-01,Hold for Study,URA Owned - County Records
0050-B-00212-0000-01,Hold for Study,URA Owned - County Records
0011-A-00123-0000-00,Acquired,URA Owned
0029-J-00193-0000-00,Disposition in Process,URA Owned
0029-J-00197-0000-00,Disposition in Process,URA Owned
0009-D-00201-0000-00,New,URA Owned
0125-F-00239-0000-00,Acquired,URA Owned
0125-G-00013-0000-00,Acquired,URA Owned
0056-B-00313-0000-00,Acquired,URA Owned
0002-P-00109-0000-00,To Be Dedicated,URA Owned
0023-R-00500-0000-02,Hold for Study,URA Owned
0083-P-00043-0000-00,To Be Dedicated,URA Owned
0035-F-00267-0000-00,Disposition in Process,URA Owned
0082-M-00183-0000-00,Acquired,URA Owned
0124-J-00157-0000-00,Acquired,URA Owned
0014-E-00239-0000-00,Acquired,URA Owned
0014-E-00241-0000-00,Acquired,URA Owned
0014-E-00242-0000-00,Acquired,URA Owned
0014-E-00244-0000-00,Acquired,URA Owned
0120-G-00155-0000-00,Disposition in Process,URA Owned
0120-G-00145-0000-00,Available,URA Owned
0029-J-00160-0000-00,Disposition in Process,URA Owned
0029-J-00175-0000-00,Disposition in Process,URA Owned
0029-B-00306-0000-00,Hold for Study,URA Owned
0029-B-00308-0000-00,Hold for Study,URA Owned
0010-P-00113-000B-00,Sold - Redevelopment in Progress,Privately Owned
0001-M-00150-0003-00,Acquired,URA Owned
0029-E-00002-0000-00,Acquired,URA Owned
0009-M-00132-0000-00,Acquired,URA Owned
0083-N-00340-G102-00,Acquired,URA Owned
0083-N-00340-G103-00,Acquired,URA Owned
0083-N-00340-G104-00,Acquired,URA Owned
0083-N-00340-G105-00,Acquired,URA Owned